"산업별","항목","단위","2015.01 월","2015.02 월","2015.03 월","2015.04 월","2015.05 월","2015.06 월","2015.07 월","2015.08 월","2015.09 월","2015.10 월","2015.11 월","2015.12 월","2016.01 월","2016.02 월","2016.03 월","2016.04 월","2016.05 월","2016.06 월","2016.07 월","2016.08 월","2016.09 월","2016.10 월","2016.11 월","2016.12 월","2017.01 월","2017.02 월","2017.03 월","2017.04 월","2017.05 월","2017.06 월","2017.07 월","2017.08 월","2017.09 월","2017.10 월","2017.11 월","2017.12 월","2018.01 월","2018.02 월","2018.03 월","2018.04 월","2018.05 월","2018.06 월","2018.07 월","2018.08 월","2018.09 월","2018.10 월","2018.11 월","2018.12 월","2019.01 월","2019.02 월","2019.03 월","2019.04 월","2019.05 월","2019.06 월","2019.07 월","2019.08 월","2019.09 월","2019.10 월","2019.11 월","2019.12 월","2020.01 월","2020.02 월","2020.03 월","2020.04 월","2020.05 월","2020.06 월","2020.07 월","2020.08 월","2020.09 월","2020.10 월","2020.11 월","2020.12 월","2021.01 월","2021.02 월","2021.03 월","2021.04 월","2021.05 월","2021.06 월","2021.07 월","2021.08 월","2021.09 월","2021.10 월","2021.11 월","2021.12 월","2022.01 월","2022.02 월","2022.03 월","2022.04 월","2022.05 월","2022.06 월","2022.07 월","2022.08 월","2022.09 월","2022.10 월","2022.11 월","2022.12 월","2023.01 월","2023.02 월","2023.03 월","2023.04 월","2023.05 월","2023.06 월","2023.07 월","2023.08 월","2023.09 월","2023.10 월","2023.11 월","2023.12 월","2024.01 월","2024.02 월","2024.03 월","2024.04 월","2024.05 월","2024.06 월","2024.07 월","2024.08 월","2024.09 월","2024.10 월","2024.11 월","2024.12 월","2025.01 월","2025.02 월","2025.03 월","2025.04 월","2025.05 월","2025.06 월","2025.07 월","2025.08 월","2025.09 월","2025.10 월","2025.11 월","2025.12 월","2026.01 월","2026.02 월","2026.03 월","2026.04 월","2026.05 월","2026.06 월","2026.07 월",
"제조업","생산능력지수","","94.656","94.656","94.943","94.943","95.038","95.324","95.324","95.42","95.706","95.992","96.469","96.469","96.374","95.992","96.374","96.469","96.66","97.042","97.519","97.71","98.092","98.473","98.664","98.76","97.71","97.424","97.805","97.901","98.092","98.092","98.282","98.569","99.046","99.237","99.427","99.237","97.71","97.615","97.424","97.519","97.615","98.092","98.473","98.569","99.046","99.141","99.332","99.141","98.569","98.187","98.378","97.805","97.901","97.901","98.187","97.996","98.187","98.664","100.095","100","99.1","99.2","99.7","99","99.5","99.7","99.8","99.9","100.9","100.9","100.8","101.5","102.7","102.1","102.1","101.9","101.7","101.8","101.6","101.8","102","101.9","101.9","102.2","102.3","102.3","102.5","102.2","102.5","102.7","102.4","101.9","102.1","101.6","101.3","100.8","101.1","101","101","100.6","101","101.3","101.1","101.1","102.3","102.4","102.4","103.4","102.1","101.8","102.3","102.1","101.9","101.9","101.8","102.2","102.2","103.4","103.4","104.2","104.2","103.9","104.3","104.3","104.2","104.9","104.9","104.7","105.7","105.6","105.6","105.7","104.8","104.9","105.3","105.2","105.1","105.5","105.4",
"제조업","가동률지수(원지수)","","104.197","92.865","108.185","107.345","103.358","108.08","106.191","99.056","104.827","110.178","107.03","107.87","100.735","92.865","108.709","103.463","107.03","108.395","105.142","98.321","99.37","104.932","109.129","108.709","98.846","97.377","109.864","103.568","104.617","105.352","104.302","100","108.185","97.901","106.925","101.889","102.413","90.451","106.401","104.932","107.03","106.086","105.352","102.308","98.741","109.759","106.821","103.882","101.574","86.149","103.148","104.827","106.925","103.673","108.814","100.63","101.574","108.709","105.876","107.555","95.1","93.3","107.3","96.1","91.5","99","100.7","93.4","106.2","102.8","105.6","109","100.7","93.1","109.5","104.6","103.1","108.7","107.9","101.7","103.3","106.3","111.1","117.2","106","98.3","112.8","108","109.1","108.7","105.8","99.9","100","101.7","103.8","103.7","92.5","91.8","106.3","99.4","103.7","104.4","98.8","100.4","102.7","102.5","106.7","104.7","101","91.9","103.1","103.3","104.8","104.3","100.6","100.9","98.5","104.8","103.8","106.6","92.8","95","105","104","102.2","103.4","102.9","99.9","109.9","94.7","101.4","108.7","98.5","91.3","107.9","103.5","99","107.5","104.8",
"제조업","가동률지수(계절조정)","","105.605","106.738","104.45","105.38","102.239","104.642","103.183","104.949","106.692","105.65","105.116","104.212","103.715","105.054","104.924","103.432","106.056","105.017","103.886","100.765","101.403","100.343","105.462","102.99","106.452","105.169","105.991","103.812","103.854","102.107","103.154","102.345","102.586","103.854","103.303","99.462","103.7","103.819","102.588","105.457","106.432","104.524","104.345","104.535","102.027","105.311","103.18","101.167","102.876","98.754","100.992","103.929","103.104","102.158","106.231","102.666","104.929","104.315","102.26","104.534","102.5","99.2","103.1","98.5","89.8","95.9","98.5","98.1","103","103.5","103.7","104.1","103.5","106.8","105.2","103.9","103.1","103.5","105.8","105","104.6","105.5","107.4","111.7","112","110.2","110.3","108","106","106.7","105.6","101.8","101.5","99.6","100.2","96.5","99.7","98.4","101.9","100.6","104","100.8","98.7","102.1","103.1","103","103.3","100.7","101.8","103.6","100.3","104","103.3","102.2","99","103","102","102.8","100.4","102.7","101.6","102","103.9","103.5","101.1","102.8","101.5","103.7","103.2","99","99.7","102.5","99.5","104.6","105","103","99.6","105.1","105.3",
"식료품 제조업","생산능력지수","","92.62","92.159","92.066","91.697","91.697","91.513","91.328","91.79","91.974","92.897","93.727","93.635","93.727","93.45","93.45","93.173","93.173","92.62","92.897","92.62","93.173","93.542","94.188","93.727","93.542","92.712","92.528","92.159","91.882","91.697","91.697","92.251","92.989","93.081","94.28","94.28","95.111","95.203","95.203","95.295","95.48","95.295","94.557","94.742","95.203","95.387","96.494","96.402","98.708","98.616","98.893","98.432","99.077","99.17","99.262","99.908","99.723","99.631","98.985","98.708","99.9","100.7","101","99.8","99.6","99.8","99.9","100","100.2","99.6","99.6","99.8","99.8","99.3","98.8","99","98.8","98.8","97.9","97.9","97.7","97.5","97.3","96.9","96.1","95.8","95.6","93.9","93.7","93.3","92.4","92.6","92.2","90.7","91.1","90.6","90.5","90.5","90.3","90","89.8","89.7","89","89.2","88.7","89.4","89.6","89.1","88.5","88.3","88.5","89.1","89.2","89.1","88.2","88.3","88","88.1","87.9","88","87.3","87.2","86.8","86.9","86.9","86.9","86.2","85.8","86.4","86.1","86.5","86.4","87.1","86.8","87.2","86.7","86.4","86.4","86.4",
"식료품 제조업","가동률지수(원지수)","","101.572","86.64","100.098","100.098","96.169","99.411","100.786","98.035","99.312","100.393","95.874","100.491","99.902","88.212","103.438","98.723","101.277","101.572","100.589","103.929","98.428","102.063","102.161","101.67","100.196","93.418","104.617","98.919","101.277","102.358","99.902","104.715","111.69","93.713","101.473","98.625","104.224","88.114","98.723","98.232","103.242","98.33","98.428","103.143","96.66","105.697","101.375","98.723","107.171","83.202","98.134","101.473","101.866","95.285","102.652","98.428","95.187","104.617","101.67","102.652","101.3","92.9","102.1","100.4","96.8","99.8","102.6","94.6","106.7","97.4","99.3","106","103","88.4","102.4","101","98.3","101.7","101.9","99.9","101.1","103.6","107.3","113.4","110.2","93.4","110.5","108.6","112.5","109.5","111.5","114.7","109.2","108.8","112.2","114.3","107.2","99.5","110.8","104.7","111.1","109.6","106.4","110","109.4","110.1","112.7","107.8","118.4","100.5","109.1","113.9","115.8","109.3","115","113.1","105.7","118.4","114","116.1","111.7","109.4","114.5","120","112.8","110.7","118","111.1","123.9","108.4","113","120.5","118.8","99.8","114.6","118.2","111.5","117.2","117.2",
"식료품 제조업","가동률지수(계절조정)","","95.018","99.886","97.737","98.206","97.225","99.135","99.406","101.025","100.899","96.108","97.312","97.048","95.682","99.42","100.875","99.128","102.401","101.365","101.612","102.195","100.4","97.215","101.268","95.942","100.262","100.762","101.924","99.293","102.454","102.219","100.942","103.036","102.341","104.058","100.547","97.569","97.754","101.365","96.089","98.586","104.491","100.592","99.499","101.577","100.584","101.013","100.401","97.611","100.223","95.956","97.688","99.449","98.349","97.523","101.401","97.06","99.24","99.85","100.669","101.416","101.3","97.8","99.1","103.1","95.7","99.7","101.4","98","101.4","99.6","100.7","102.2","99","101.4","99.3","98.8","99.6","99.4","100.7","101.2","103.1","103.7","106.2","109","107.8","105.1","110","106.4","109","112.3","112.7","113.3","111.3","106.4","111.2","107.2","106.6","106.8","107.4","105","113","110.1","107.9","109.4","110.4","111.7","111.6","105.8","110.8","112.1","108","114","114.8","112.2","113.7","112.5","110.7","116","112.8","113.9","114.7","116.7","115.8","117.1","111.9","116.4","116.8","113.4","113.6","115.7","114.2","115.3","111.5","113.8","113.2","115.4","113.2","120.2","118.6",
"도축, 육류 가공 및 저장 처리업","생산능력지수","","86.219","85.788","86.477","85.874","83.463","83.032","82.515","83.721","85.616","88.63","90.612","91.645","90.612","88.458","88.803","87.166","85.271","81.137","83.893","81.137","82.601","84.755","86.305","86.908","87.683","85.702","83.118","80.792","79.587","76.916","77.606","76.744","78.725","89.664","89.147","88.114","89.32","88.114","87.08","87.425","88.717","86.908","83.979","84.152","86.908","89.664","99.655","101.206","109.388","108.699","106.891","103.445","105.168","104.91","106.546","106.202","108.613","108.699","109.044","107.407","106.4","108.4","108.9","99.1","96.4","96.7","95.9","96.3","98.1","97.7","98.8","97.3","96","94","90.6","91.4","90.7","90.4","89.4","88.8","89.5","91","90.3","88.7","87.5","86.3","84.4","84.2","81.5","81.9","83.3","84.5","84.6","84.5","86.9","87.3","86.4","84.4","84.5","82.9","80.3","80","80.2","81.2","83.1","84.9","86.1","83.4","78.1","76.9","78.3","77.8","78.9","79.2","76.2","76.1","74.8","76.4","79.2","80.8","78.5","77.6","77.9","78.8","78.1","79.4","75.8","73.8","74.4","73.9","76.2","75.1","75.8","73.9","74.3","74.5","73.4","73.8","73.7",
"도축, 육류 가공 및 저장 처리업","가동률지수(원지수)","","112.257","90.467","94.747","98.541","90.856","94.65","104.28","104.377","105.642","94.65","82.004","94.844","108.074","83.755","101.167","92.121","98.152","97.568","106.712","116.926","97.471","99.514","99.805","103.502","107.685","91.829","106.615","98.541","102.432","108.56","106.323","122.665","121.304","92.121","97.957","97.082","110.506","91.732","100.292","101.459","105.35","103.307","101.362","113.23","105.058","104.28","96.304","97.276","109.339","75.875","86.089","92.704","96.109","89.591","95.233","102.821","86.479","97.568","88.716","95.623","100.6","88.5","94.7","98.6","92.8","98.7","109.7","100.1","118.5","93.3","96","108.4","104.4","88.2","102","101","98.5","104.4","109.5","112","113.3","108.1","108.5","117.5","131.4","97","123.5","116.7","122","121.2","123.3","139","122.1","117.3","119.2","126.3","116.8","103.4","119.6","109.2","118.2","118.5","113.2","121.9","121.8","115.4","116","114.3","139.1","114.1","120.6","127.5","132.8","124.9","138.9","141","122.7","139.6","129","136.8","130.8","122.9","125.9","138.2","132.6","128.7","143.7","137.1","160.8","130.9","129.8","143.7","146.8","119","132.7","143.1","133.7","140.6","147.5",
"도축, 육류 가공 및 저장 처리업","가동률지수(계절조정)","","101.351","110.315","93.455","99.465","95.194","94.386","97.883","98.343","102.284","94.358","88.701","92.627","100.271","99.293","99.758","95.572","102.306","97.315","103.435","103.868","98.23","95.327","104.963","98.31","104.328","103.954","105.203","101.971","106.431","108.224","103.285","109.291","103.053","111.164","103.03","98.09","99.993","110.746","99.053","104.776","109.209","105.996","98.712","101.332","107.332","101.564","101.163","98.286","97.922","92.219","87.738","92.773","93.61","91.747","90.315","92.571","90.128","93.044","93.064","96.463","96.8","96.8","93.8","104.6","93","98","104.4","96.4","106","100.3","103.6","105.9","97.2","105.6","101.2","100.7","101.6","100.5","104.4","105.3","114.7","108.9","113.4","114.5","124.1","114.3","126.6","116","118.6","123.9","121.3","127.6","123.8","114.4","124.5","119.2","111.8","116.3","119.1","111.8","122.1","117.6","111.4","112.4","117.4","121.8","121","114.5","125.3","131.9","123.9","130.4","133.2","127.8","132.8","130.5","128.3","135.7","134.3","136.9","130.4","136.1","133.3","137.1","133.1","135.6","137.4","131.2","135.6","148.4","139.2","139.4","132.4","141","136.4","141.8","138.4","143.7","145.3",
"수산물 가공 및 저장 처리업","생산능력지수","","92.796","93.27","93.839","93.365","94.502","94.218","95.64","96.019","96.303","95.924","96.019","95.545","95.64","96.114","94.597","95.071","95.64","95.64","93.365","92.701","92.796","92.227","90.332","90.142","90.806","89.953","90.142","90.237","91.28","90.237","90.995","90.9","91.943","89.194","91.374","91.374","92.796","91.943","90.521","93.649","93.839","94.123","93.555","93.649","93.175","93.555","94.313","94.313","95.45","95.355","96.209","96.209","96.588","96.398","97.156","97.156","97.251","97.346","97.156","97.251","99.5","100.2","100.4","100.4","100.4","100.1","99.3","99.6","99.7","99.9","99.1","101.4","99.6","99.2","99.6","99.9","99.8","99.5","98.8","98.9","98.4","98.9","99.5","100","99.4","99.1","99.7","95","95.6","94.1","92.2","93.3","93.1","92","92.3","86","85.1","85.2","85.9","84.6","84.3","84.9","84.8","84.9","84.8","84.7","84.7","85.6","84.3","84.2","85.8","83.4","82.6","81.5","81.2","81.4","81.3","81.3","81.5","80.5","80.6","80.7","80.6","79.9","79.5","79.4","75.7","73.5","74.9","75.2","75.8","75.6","77.3","78.3","78.2","76.1","75.9","76","75.7",
"수산물 가공 및 저장 처리업","가동률지수(원지수)","","107.324","89.844","99.414","100.488","87.891","91.504","93.262","92.383","103.32","102.148","99.805","104.492","109.668","91.699","108.398","105.957","96.68","95.215","93.262","98.828","103.027","101.66","107.031","110.156","111.23","98.047","109.57","107.031","100.879","100.586","98.047","102.539","116.895","93.555","106.641","104.98","112.988","99.805","106.348","103.613","111.23","97.754","98.34","100.488","103.906","114.844","108.887","107.91","118.359","85.742","99.414","106.445","103.711","95.703","98.926","104.199","98.73","109.57","106.055","108.398","105.3","91.6","101.1","102.7","91.5","102.4","100.4","93.4","108.6","97.6","101.1","104.4","109.3","90.4","100.2","100.7","94.9","101.8","98.9","97.7","103.4","101.3","106.7","115.1","111.6","88","100.2","98.9","102.2","101.4","94.7","104.5","101","101.6","103.1","119.4","116.4","110.7","119.8","105.5","110.7","104.4","101.8","102.3","117","112.2","114.3","113.6","134.4","108.9","115.7","112.9","110","105","117.2","115","109.1","120.1","112.9","121","132.9","116.5","113.5","114.4","111.1","102.1","113.3","106.2","136.9","115.2","117.8","131.2","132.8","111.1","113.2","105.1","95.2","106.9","108.5",
"수산물 가공 및 저장 처리업","가동률지수(계절조정)","","95.456","101.887","96.927","96.767","91.796","93.819","94.666","99.304","104.536","98.049","99.505","99.021","100.056","100.879","105.686","105.014","101.068","97.736","97.669","100.634","105.021","96.414","103.968","101.455","105.552","103.232","106.86","106.297","105.609","103.378","102.99","104.542","105.431","105.406","103.772","102.112","99.789","112.31","103.8","103.156","116.588","103.47","103.577","102.546","108.061","108.583","106.135","104.941","103.786","96.547","99.805","103.384","103.023","101.542","101.484","106.454","102.415","103.474","103.649","105.396","98.5","93.2","98.8","105.8","93.6","105.9","103.1","101.1","100.9","99.8","101.9","98.6","98","100.4","97.8","98.6","100","102.7","101.5","103.1","104.1","100.9","105","108.6","101.5","95.4","100.5","97.2","102","108.5","99.7","107.6","101.5","98.5","101.8","109.4","107.5","114","116.7","106.9","117.1","109","107.1","105.6","115.5","113.7","113.2","109.9","115.9","116","115.8","114.7","113.4","112.9","119.8","118.8","112.7","116.3","112.1","117.1","125.9","118.4","116.6","113.3","114.7","113.2","115.6","113","121.4","122.9","120.5","123.4","113.8","120.8","113","104.2","101.2","115.7","113.7",
"과실, 채소 가공 및 저장 처리업","생산능력지수","","87.555","87.555","87.555","87.555","87.555","87.555","87.555","87.555","87.555","87.993","87.993","87.993","87.905","87.905","87.905","87.905","88.431","88.431","89.132","89.045","89.132","89.132","88.256","88.256","88.519","88.519","88.519","88.519","88.519","88.519","88.519","88.519","88.519","88.957","93.953","92.726","97.108","101.052","100.263","99.036","99.649","100.789","97.283","98.16","98.861","96.67","95.618","96.319","97.283","97.458","97.721","97.984","98.072","98.422","98.335","98.861","99.474","94.391","95.53","93.602","96.5","96.2","101.3","102.7","102.2","100.9","101.1","101","100.8","99.4","99","99","98.7","98.9","98.7","98.1","98.1","98.1","96.4","96.6","97","96.5","96.2","96.2","96","95.7","97","93.8","93.7","93.8","89.9","90.2","89.7","87.1","86.9","86.6","83.1","82.9","82.9","81.2","81","81","81.6","81.8","81.9","82.7","81","81.4","80.9","80.8","81.8","81.6","82.3","82.3","82.2","83.9","84.3","80.5","79.6","79.9","80.6","80.4","80.5","80.1","79.8","79.6","79.8","80","80.1","79.8","80.1","80.1","80.4","78.8","78.4","77.6","77.6","77.3","78.2",
"과실, 채소 가공 및 저장 처리업","가동률지수(원지수)","","80.235","74.819","90.523","88.538","84.567","92.87","93.953","89.621","96.119","99.097","100.181","92.509","84.206","81.137","96.661","89.44","91.245","98.827","97.383","102.798","107.401","110.018","116.065","97.834","84.206","88.177","101.534","94.675","94.585","100.271","99.549","115.343","117.148","101.715","112.274","90.884","82.581","76.534","94.134","94.134","90.704","90.072","100.903","114.801","109.567","117.148","119.404","91.245","89.079","76.895","92.238","100.632","99.278","97.924","105.505","108.755","106.318","113.267","122.112","96.209","93.4","87.5","95.8","91.3","93.9","97.5","95.3","91.7","106.4","101.6","114.1","131.5","99.8","86.3","101.6","96.8","89.5","94.4","97.8","94.7","91","93.8","108.7","125.4","102.7","85.7","96.5","94.4","102.3","97.9","96.4","101.2","92.7","105.8","108","119.8","93.2","84.9","94.4","94.8","97.6","96.8","93.4","100.6","95.2","98.4","110.5","93.5","98.3","80.2","85.4","92.8","99.4","99.5","92.4","97.1","87.4","102.5","113","108.4","84.3","84.8","90.3","98.5","92.9","95.5","91.2","87.5","96.4","90.8","108.1","101.6","93.4","80.5","83","90.9","83","84.4","82.8",
"과실, 채소 가공 및 저장 처리업","가동률지수(계절조정)","","90.457","91.131","90.087","89.215","88.75","90.708","90.722","90.041","91.284","89.082","89.196","92.713","96.236","96.141","96.506","92.716","96.123","97.091","97.048","98.032","102.19","99.13","100.154","94.521","97.46","101.879","101.782","98.344","99.806","98.903","99.738","110.229","103.292","105.105","96.58","91.762","89.334","93.43","94.786","97.963","95.671","91.666","101.72","109.828","108.402","105.92","102.518","90.967","94.885","94.22","95.954","102.05","98.759","99.867","104.336","104.235","106.217","102.604","104.599","94.623","104","98.9","97.5","97.7","95.8","96.7","95","93.1","99","97.4","100.2","124.1","107.4","105.7","103.8","97.7","93.7","90.8","98.1","94.1","90.4","90.3","92.7","116.9","111.1","103.8","101.7","95.1","101.2","99.1","99.8","98.5","93.2","99.5","91.9","107.5","101.4","98.9","97.1","98.2","101.6","94.9","97","98.4","96.6","95.4","93.9","87.9","101.1","95.6","90.4","96.2","100.4","99.8","93.7","95.3","92","96.8","95.9","101.1","94","98.2","98.3","99.2","93.6","98","93","88.6","91.8","90.5","94.2","91.7","95.9","98.3","88.1","91.5","85.8","84","87.1",
"동물성 및 식물성 유지 제조업","생산능력지수","","98.447","98.641","95.534","95.631","97.67","98.932","98.738","99.223","97.67","94.757","93.883","95.825","98.058","96.311","95.243","96.214","94.854","96.117","95.049","95.825","91.553","88.932","97.767","101.068","103.592","84.757","98.447","95.146","97.087","97.573","96.602","97.379","97.087","95.146","95.34","94.854","98.641","98.058","98.738","96.311","96.699","94.175","93.592","93.107","93.301","92.524","94.66","93.107","93.301","93.398","94.272","92.136","93.204","93.689","94.66","93.495","92.816","92.136","91.165","93.204","92","92.3","92.5","92.5","110","110.2","109.6","109.2","109.2","94.1","94.3","94.1","105.3","105.9","108.1","101.7","101.2","101.2","97.8","97.5","98.6","92.5","93.5","92.8","93","94","94.2","82.8","82.7","83.3","74.7","74.8","75.4","72.2","72.5","72.6","72","71.2","70.6","71.8","71.8","71.7","72.6","72.6","72.5","72.9","73.2","73.3","74.8","74.7","74.8","78.2","77.7","77.6","77.5","77.5","77.8","78.5","78.4","78.4","78.9","78.8","78.7","76.8","76.3","76.3","76.7","76.7","77.2","77.4","77.4","77.7","76.9","77.1","77","76.9","76.7","76.8","75.4",
"동물성 및 식물성 유지 제조업","가동률지수(원지수)","","108.686","104.56","109.012","107.166","108.686","108.903","105.863","126.602","111.618","95.765","107.492","108.578","112.161","103.909","109.989","104.669","111.509","107.818","115.527","110.966","106.08","100.543","112.052","107.166","109.446","101.194","113.464","100.217","103.366","103.692","102.606","104.452","110.858","108.469","106.949","109.555","103.909","95.548","104.56","96.091","102.28","98.371","105.646","114.115","103.149","106.298","99.349","107.058","113.681","93.92","106.84","107.166","104.995","106.949","111.726","108.143","108.36","94.788","105.429","115.744","114.2","106.4","108.2","80.8","94.1","93.5","97","97.1","102.9","96.8","100","108.8","94.7","90.8","109.4","99.4","112.3","102.5","116","116.6","108.5","99.9","102.7","115.9","103.9","125.1","121.8","124.2","142.4","123.4","198.1","152.5","125.2","83.4","132.4","111.1","165.9","115.7","102.3","116.9","102.4","104.7","118.1","116.2","113.6","102.8","88.7","92.2","115","88.9","86.4","80.1","89.7","92.5","106.5","96.1","88.2","99.6","101.7","103.3","103.2","86.1","101.5","93.4","96.2","91.5","99.2","104.8","101.8","86.9","103.8","101.5","99.2","90.4","116.9","113.1","113","117.4","76.9",
"동물성 및 식물성 유지 제조업","가동률지수(계절조정)","","99.141","116.353","105.515","106.603","108.524","110.874","104.963","124.035","111.9","100.486","108.188","106.861","102.061","115.822","106.512","103.909","111.634","110.071","113.851","109.577","106.073","105.477","113.48","105.4","105.388","106.459","109.93","99.778","103.962","106.108","100.928","102.932","108.777","114.793","108.269","106.41","95.28","105.471","101.451","95.957","103.37","100.477","103.602","112.189","102.416","111.702","100.331","103.571","104.455","103.371","103.499","107.693","107.589","109.519","109.606","106.12","107.44","99.628","106.182","111.617","110.7","111.6","105.5","80.7","96.5","96.5","94.9","94.2","101.5","102.4","100.2","105.1","86.9","99.8","106.9","100.2","115.2","106.7","113.2","113.2","107.4","104","103.1","112","98.1","133.9","118.7","125.6","147.8","127.6","192.1","148.1","123.6","87.2","132.6","107.8","161.1","121","100.3","117.8","105.6","109","114.3","112.5","111.8","107.4","88.6","88.7","106.2","98.3","84.4","80.9","93.1","96.1","103.4","92.7","86.6","104.2","101.3","99.6","99.9","90.1","98.7","94.9","99.8","94.8","96.3","100.4","98.7","92.9","102.6","98.6","91.7","99.5","114.3","114.9","116.7","122.3","74.3",
"낙농제품 및 식용 빙과류 제조업","생산능력지수","","101.099","99.401","100","100","99.9","98.002","98.701","98.402","99.5","100.4","101.399","101.898","101.399","102.098","102.697","101.798","102.098","101.099","102.298","100.699","102.897","103.497","104.995","103.497","101.898","102.198","101.798","102.797","100.899","100.999","100.799","100.799","102.298","102.098","103.696","101.399","101.099","101.099","101.898","102.098","102.298","102.098","101.598","100.799","101.199","100.799","102.298","101.598","103.297","103.497","103.397","102.198","102.198","102.298","102.697","102.897","102.997","102.797","103.097","101.299","100","101.6","99.2","99.4","98.5","98.5","99.2","99.3","100.3","101.3","101.3","101.3","101.4","101.1","101","100.7","100.8","101","100.9","101.1","99.7","100.1","100.2","99.7","92","92.4","93","94","93.6","93.8","93.5","92.1","92.2","90.3","90.2","90.1","88.1","85.7","87","88.3","87.8","85.5","84.6","84.3","81.7","81.4","82.4","79.5","79.4","78.1","77.3","77.4","77.5","77.9","77.5","76.9","75.5","76.5","76.1","76.4","77.4","76.3","75.7","74.9","74","74.2","74","74.1","74.7","74.4","74.4","74.3","73.7","73.6","75.7","75.7","76.1","76","76",
"낙농제품 및 식용 빙과류 제조업","가동률지수(원지수)","","91.04","83.522","106.694","110.505","117.508","123.069","122.76","117.714","98.249","97.219","83.522","84.243","88.671","85.17","105.252","107.312","118.332","122.657","122.76","129.042","101.751","92.173","83.728","84.552","91.658","87.436","107.415","108.136","122.657","122.76","125.026","120.082","107.415","93.512","83.728","82.595","92.379","82.904","103.502","108.136","114.109","113.594","118.744","124.614","96.807","95.366","84.758","83.522","96.498","84.861","105.149","107.93","116.169","113.079","118.126","108.548","93.306","95.057","83.831","86.715","90.2","87.9","103.8","107.5","111.3","117.8","113.1","102.3","100.7","92.9","85.7","86.8","90.1","81.7","99.4","101.7","101.1","104.1","110.4","102.6","92","90.2","82.5","85.3","92.1","85.9","106.6","103.4","110","105.3","111.6","107","97","91.5","87.6","87.7","91.8","88.3","102.4","98","107","111.8","109.3","107.6","94","97.3","91.7","88.9","96.5","92.5","108.2","111.3","120.4","112.1","120.5","114","102.6","106.3","92.2","91.6","95.7","95.6","103.8","117.5","112.3","112","128.1","120.1","108.9","96.3","89.1","94.7","99.9","91.7","110.5","116.2","115.9","123.2","132.3",
"낙농제품 및 식용 빙과류 제조업","가동률지수(계절조정)","","101.058","101.231","103.897","104.068","104.218","105.577","103.119","107.077","100.836","101.679","100.798","100.548","99.024","101.597","102.143","102.272","105.179","105.872","104.869","114.539","104.172","96.719","99.581","99.112","103.993","101.51","103.898","102.881","109.312","106.721","107.068","107.064","106.329","104.512","99.392","99.169","100.305","99.359","99.802","102.745","102.071","100.917","101.923","111.595","100.73","100.014","100.375","99.877","103.658","101.373","102.614","101.029","101.385","101.271","100.194","97.63","96.843","99.948","98.925","103.205","99.8","99.2","99.8","103.3","99","104.9","96.1","94.9","100.7","99.9","102.3","101.4","97.1","96.2","95.7","94.9","91.6","92.1","93.9","94.1","94","97.9","96.7","98.9","99.7","99.6","104.2","96.3","97.3","96.6","96.4","96.8","99","98","102.2","99.7","100.1","99.4","98.8","92.6","97.9","101.8","94.5","97.3","96.4","105.5","106.7","103.5","101.6","105.8","106.1","105.1","108.9","104.1","102.8","103","106","114.3","107.1","106.4","105.7","106.5","103.4","109.3","101.9","105.8","109.4","110","107.2","105.6","104.7","108.2","104.7","105.8","108.7","108.1","106.8","115.1","114.6",
"곡물 가공품, 전분 및 전분제품 제조업","생산능력지수","","101.308","100.201","101.71","99.899","99.396","101.811","101.71","102.716","98.893","98.692","101.408","99.598","100.302","99.799","99.396","97.887","98.893","98.793","98.592","98.189","98.089","96.68","96.781","97.284","97.082","96.479","95.875","94.668","94.97","95.07","96.177","97.586","96.982","97.284","97.686","98.189","97.887","98.994","97.686","96.982","96.479","97.082","96.881","96.479","96.378","96.881","97.384","97.988","98.491","97.686","98.089","97.787","97.988","98.29","97.887","98.089","98.089","98.089","98.189","100.302","99.9","100.3","100.5","100.1","99.5","100.4","100.4","100.1","99.7","100.1","99.5","99.6","100.8","100.6","100.2","101.6","101","101.7","98.6","98.6","99.1","99.2","98.5","98.7","93.5","91.4","95","88.8","89.8","87.1","80.1","81.5","83.8","82.1","82.5","83.1","83.5","83.6","83","82.7","82.3","85.1","87.4","86.9","86.8","86.4","86.1","85.9","86.1","85.7","85.7","85.8","85.8","85.7","86.9","85.5","85.7","85.8","85.6","85.7","86.4","86.6","87","86.8","86.5","86.8","86.4","86.4","86.5","86.2","86.1","86.3","86.7","88","88.9","88.5","88.4","88.5","89.6",
"곡물 가공품, 전분 및 전분제품 제조업","가동률지수(원지수)","","103.557","85.87","99.704","95.455","95.356","98.123","100.296","100.692","101.186","101.482","99.901","104.15","106.423","88.735","101.186","99.901","96.64","100.296","98.123","106.423","95.553","101.581","108.992","107.905","106.423","95.751","103.656","97.134","100.296","102.47","104.348","109.289","113.636","91.601","101.581","100.198","109.486","89.723","102.174","96.739","101.976","100.296","102.767","105.237","98.617","109.289","104.249","105.237","112.648","84.486","97.036","103.261","105.632","100.099","110.474","111.561","96.838","109.091","106.225","103.755","105.2","93.5","97.5","96.5","95.7","101.4","105","100.3","108.8","96","94.9","105.3","107.6","89.3","100.5","100.4","98.5","104.1","106","104.3","104.8","106.5","115.5","126.9","120.4","102.2","119.9","123.9","129","127.2","129.9","127.4","123.1","120","127.3","128.7","120.2","110.9","116.9","114.8","120.9","118","113.5","122.6","117.5","114.5","118.6","116.5","125.7","103.8","111.1","114.9","115.8","113.9","120.3","121.5","108.3","121.4","118","116.6","113","111.6","113.5","117.2","117.2","113.7","118.6","114.9","126.2","110.3","114.7","118.6","123.5","101.1","116","119.8","115.8","123","121.2",
"곡물 가공품, 전분 및 전분제품 제조업","가동률지수(계절조정)","","94.543","100.615","99.975","96.364","99.166","98.549","96.943","100.332","102.508","97.792","100.305","99.187","99.716","101.253","101.594","103.223","100.205","100.487","96.978","101.297","98.171","96.647","106.899","100.653","103.351","105.311","104.264","100.323","103.764","102.416","103.029","104.186","102.145","104.425","99.679","98.166","100.625","104.099","102.962","99.874","105.289","102.427","101.429","100.497","103.682","103.971","102.348","103.333","103.416","97.955","100.299","104.095","103.875","101.99","106.509","106.742","101.852","103.689","104.401","102.075","102.3","99.7","98.6","101.9","96.1","100.7","101.3","100.8","102.3","99.6","95.6","101.4","101.6","102.7","101.7","101.1","101.1","100.9","102.3","102.7","107.7","105.9","113.7","122.5","115.5","115.4","124.2","124.6","126.1","129.1","128.3","122.7","126.6","116.5","125.2","121.6","117.1","120.4","118.3","118.2","123.8","116.9","112.2","118.2","117.6","117","116.7","115.5","116.1","116","115","118.2","115.8","115.5","116.2","117.3","114.2","117.7","116.1","115.7","113.4","120.3","120.2","117.7","117","117.9","114.5","113.6","112.1","121","115.6","115.1","114.3","115.5","119.9","120.3","118.3","124.6","120",
"기타 식품 제조업","생산능력지수","","89.105","88.928","88.308","87.954","87.777","87.688","87.157","87.6","88.131","89.637","90.345","90.257","90.788","90.257","90.257","90.257","90.08","89.814","89.991","90.434","90.965","91.585","92.205","91.408","91.32","90.7","90.345","90.08","89.991","90.08","89.725","90.788","91.585","90.877","91.851","92.648","93.357","93.357","93.711","93.446","93.357","93.003","92.737","93.268","93.534","93.888","94.243","94.066","97.166","97.166","97.609","97.609","98.406","98.583","98.406","99.469","98.849","99.291","97.963","97.786","98.8","99.4","100","99.9","100.1","100.3","100.8","100.7","100.5","99.7","99.8","100.1","100.1","99.9","99.9","100.3","100.1","99.9","99.5","99.6","99.2","98.6","98.2","98","99.1","99","99.2","97.7","98.1","97.7","97.2","97.2","95.9","94.4","94.2","94.2","95.3","95.6","95.5","95.3","95.8","95.9","94.4","94.5","93.6","94.3","94.6","94.7","95.4","95.4","95.4","96.8","96.9","96.7","95.5","95.8","95.7","95.7","94.8","94.7","93.3","93.4","92.7","93","93.8","93.6","93.6","93.4","94.2","93.7","94","94.1","94.9","95","95.3","94.4","94","94.2","94.2",
"기타 식품 제조업","가동률지수(원지수)","","104.734","87.574","101.381","100.986","94.576","96.844","97.535","93.787","98.718","102.564","99.507","105.227","101.874","89.053","104.931","98.225","101.085","99.704","97.535","98.521","97.337","106.213","104.536","105.128","102.268","96.45","105.523","98.718","98.225","98.718","94.28","99.014","112.426","93.688","105.227","102.465","108.185","88.462","96.943","96.548","101.677","95.266","92.899","96.548","93.294","106.213","103.748","101.381","109.369","82.939","98.718","100.493","98.718","90.237","98.915","91.913","94.28","106.213","104.536","106.706","102.9","95","104.7","100.8","95.5","96.1","99.2","91.9","105.1","98.8","102.3","107.7","105.1","89.5","103.4","101.6","98","100.8","97.9","96","99.5","105.8","110.8","114.8","107.5","92.5","109","109","110","107.1","106.7","108.5","109","110.6","113.8","112.6","102.1","98.4","109.9","104.4","111.1","109.1","105.1","108.6","108.4","111.9","116.7","110","117.6","99.9","109.4","116","115.4","108.4","111.6","109.6","105.3","118.9","116.3","117.5","111.9","112.6","118.9","123.1","112.1","111.6","117.3","109.1","123.7","107.9","115.6","123.6","120","98.8","116.7","120.3","112.3","117.1","116.2",
"기타 식품 제조업","가동률지수(계절조정)","","94.833","98.89","98.169","98.674","96.739","99.649","101.087","101.628","102.132","95.797","98.017","97.855","94.913","98.298","101.399","98.322","103.459","102.496","103.435","101.569","100.368","99.33","100.475","95.585","100.975","100.949","101.772","98.786","100.602","101.388","99.826","101.971","103.345","103.075","101.12","97.926","99.118","100.242","93.306","96.586","104.18","100.121","98.24","99.338","98.177","99.65","99.699","96.945","100.556","94.106","97.094","98.066","96.33","94.728","101.938","94.51","99.145","99.845","100.505","102.114","102.7","97.3","100.2","103.2","95.5","98.4","102","99.2","100.8","99.6","100.9","100.6","99.7","101.7","98.7","98.9","100.3","100.5","100.5","101.1","102.2","104.9","106.8","107.4","105","102.3","106.2","105.9","107.2","111.9","112","111.7","112.1","107.2","109.8","102.9","102.7","103.4","104.4","103.9","113.7","111.2","110.1","111.8","111.3","111.7","112.7","105.6","109.5","110.8","106.2","115.3","115.2","113.1","113.9","112.9","111.2","115.6","112.4","112.8","115.6","118.2","118","119.3","111.9","119.2","119.6","115.1","114.2","114.6","114.6","115.9","112","112.2","112.9","116.4","114.9","121.9","121.2",
"동물용 사료 및 조제식품 제조업","생산능력지수","","100.604","100.201","99.396","100.805","101.811","101.408","101.207","101.207","101.006","100.201","99.698","99.598","98.29","98.592","99.497","99.396","99.598","99.799","100.402","100","99.598","99.095","100.101","100.503","100","100.402","99.195","99.296","98.793","98.692","99.095","98.994","98.692","98.189","98.089","98.491","99.296","99.598","100.101","100.402","101.811","102.414","101.308","101.107","101.911","101.509","100.805","100.604","100.302","100.101","100.201","99.598","99.698","100.201","100","100.503","100.604","99.497","99.598","99.396","99.6","99.8","99.9","100.4","99.3","100.5","100.3","100.4","100.7","99.6","99.6","99.9","100.5","99.2","96.9","97","98.1","99.3","95.3","96","96.4","95.9","96.5","96","96.4","96.2","92.9","92.8","94.6","92.6","91.4","92.5","93.7","90","89.6","90.6","90.4","98.8","94.3","93.8","96.1","96.9","94.2","94.7","93.1","95.4","91.2","94.6","94.2","96.4","95.2","95.9","95.7","96.3","96.5","97.3","97.8","96.6","95.7","96.3","97.6","98.5","97.9","98.1","97.4","96.5","97.4","98","97.4","98.1","97.3","97.9","98.3","96.8","96.5","97.4","97.9","95.2","95.3",
"동물용 사료 및 조제식품 제조업","가동률지수(원지수)","","98.76","86.927","95.134","94.275","93.416","96.374","98.187","92.653","95.324","99.523","93.416","100.954","93.798","90.84","97.615","93.989","95.706","94.466","91.508","91.603","93.798","94.179","97.615","96.469","89.313","84.16","93.416","86.164","93.034","93.416","89.408","93.607","99.809","91.698","100","100.095","98.473","87.5","94.275","92.557","97.519","94.943","92.462","93.798","93.702","105.439","101.24","100","104.103","87.214","95.897","99.046","102.385","96.183","102.004","96.66","95.992","104.866","99.427","102.29","101.4","94.6","101.3","101.7","100.8","99.7","104.8","90.3","103.5","100.4","96.5","105","97.3","88.7","103.2","99.1","100.7","101.6","103.4","99.7","103.8","107.2","112","118.3","108.9","98.5","113.5","104.7","112.5","109.2","107.8","116.7","109","117.2","120.1","119.6","113.4","97","110.4","102.6","109","105.5","103.9","105.8","105.3","110.3","110.7","106.8","109.3","96.3","100.7","101.6","105.5","96","101.4","95.9","93.3","105.7","101.6","104.9","98.1","94","96.3","98","100.5","92.9","95.7","92.3","97.5","99.5","94.1","101.4","96.5","88.7","95.9","97.3","96","100.3","97.4",
"동물용 사료 및 조제식품 제조업","가동률지수(계절조정)","","96.143","96.309","94.645","94.8","93.218","96.081","97.759","98.505","96.452","93.75","93.385","94.214","92.354","99.19","97.122","96.69","95.597","94.387","93.093","93.21","94.144","89.456","95.308","88.135","88.632","90.947","92.898","88.712","93.064","93.536","90.975","95.21","95.479","95.478","97.436","95.49","95.779","96.362","93.63","95.401","97.647","97.332","94.178","95.414","96.56","99.682","98.422","95.408","99.362","97.826","97.189","99.995","98.17","98.753","101.826","98.346","98.644","99.356","96.49","97.584","99.7","100.6","100.3","107.3","98.8","100.3","104.8","96","101","97.9","95.6","98","96.8","97.4","102.1","100.1","100.8","100.1","103.5","103.8","104.7","105.6","108.6","110.2","107.2","109.3","114.7","105.9","108","112.4","110.5","118.9","110","112.8","116.5","108.9","110.4","106.3","109","106","109.3","106.4","106.7","107.9","107.5","107.2","107.4","101.5","106","103.7","101.5","105","103.5","99","102","97.8","96.6","101.5","98.5","99.6","99.9","100.7","99.1","99.2","98.5","97.8","96.4","96.2","94.3","97.8","93.4","94.2","93.8","97.2","96.5","98.5","96.2","103.2","100.4",
"음료 제조업","생산능력지수","","97.642","98.134","97.642","97.741","97.544","98.134","98.625","98.33","98.428","98.723","99.214","98.625","98.919","99.214","98.625","99.214","99.214","99.411","99.018","99.607","98.821","98.919","97.937","97.053","99.018","98.625","98.428","98.821","98.134","98.232","98.723","99.902","99.902","99.804","99.607","99.705","100.098","100.884","100.295","98.919","99.411","100.786","101.67","100.884","100.491","100","100.196","100.098","99.607","99.116","99.116","100.491","100.786","99.804","99.804","99.804","100.295","100","100.098","100.295","99.3","99.3","99.5","99.6","99.8","99.7","99.7","99.7","99.7","101.2","101.2","101.2","101.2","101.2","101.3","101.9","101.7","101.9","101.3","100.6","100.6","100.7","100.3","98.6","102.1","101.3","99.2","98.7","98.6","98.7","98.8","98.8","98.7","98.9","98.1","97.5","97","97.1","96.9","96.7","96.4","96.3","96.3","96.3","96.4","95.3","92.7","93.1","95.9","96.3","95.9","95.7","95.5","95.3","94.7","95","94.3","94.4","94","93.8","93.4","92.8","93.1","92.2","91.2","91.3","91.4","91.4","91.4","91.4","91.3","91.4","91.2","91.3","91.2","91.2","91.2","91","91.5",
"음료 제조업","가동률지수(원지수)","","98.855","81.79","102.289","106.972","107.492","116.649","117.274","114.984","105.411","105.411","94.277","97.19","95.317","85.328","106.348","105.411","109.365","117.482","112.695","119.875","111.55","111.03","105.307","99.584","94.173","97.294","105.411","104.995","115.817","123.413","117.794","120.604","118.418","96.254","106.868","95.317","105.827","89.906","106.243","104.683","112.175","113.528","118.314","118.106","102.601","113.111","95.213","92.404","108.533","87.825","103.85","109.469","118.002","111.238","115.088","110.094","101.249","105.307","94.069","91.675","98.6","91.1","94.3","101","104.3","116.5","113.5","103.1","103.6","96.4","91.2","86.6","87.7","84.9","101.6","101.5","98.1","106.5","103.2","105.1","98.2","96.1","99.7","100.7","99.8","91.1","107.8","106.3","115.6","115.8","117.8","120.4","111.4","104.9","104.5","96.6","105","93.8","110.8","104.9","111.5","119.7","111.5","116","108.4","110","100.7","83.1","107.3","84.6","97.4","107.3","113.8","112.7","112.1","106.6","108.1","115.9","95.1","87.3","95.4","96.8","103.8","111.9","105.7","102.7","111.4","105.9","120.7","95.4","90.9","90.1","101.6","85","101.7","106","98.7","112.1","112.6",
"음료 제조업","가동률지수(계절조정)","","102.096","98.011","102.44","104.47","103.908","104.635","104.607","110.417","104.061","99.857","106.501","106.671","101.172","99.284","106.399","105.976","105.776","105.552","103.6","108.709","110.269","105.168","115.061","106.318","104.391","108.166","105.237","105.559","112.075","111.043","108.319","109.535","107.791","105.115","116.334","108.199","108.728","107.631","105.702","105.336","108.571","105.407","108.838","107.477","104.507","107.198","103.265","105.264","110.936","105.485","106.052","107.064","107.659","103.45","102.886","100.423","103.341","99.416","101.747","104.865","108.3","98.5","93.1","104.7","97.9","105.2","101.5","99.9","96.8","96","101.2","97","92.2","101.6","100.2","99.1","94.8","93.7","92","99","96.9","95.6","107.5","112.8","107.1","106.3","109","103.8","105.4","107.9","108.8","110.6","109.8","101.1","112.5","105.2","114.9","104.5","108.8","105.2","107.8","108.6","102.8","106.6","106.8","108.6","108.2","96.7","109.2","98.7","98.6","107.4","106.9","105.5","100.1","98","109.4","111.2","102.1","102.3","107.8","107.3","107.7","108.9","99.3","99.1","99.7","100.6","108.8","96.6","100.4","102.7","103.4","101.7","102.6","102.9","95.5","105","103.8",
"알코올 음료 제조업","생산능력지수","","103.119","103.846","102.703","103.015","102.495","103.534","104.47","104.054","104.262","105.301","105.717","104.99","106.237","106.341","104.574","105.925","105.509","105.821","106.133","108.004","106.341","106.549","104.886","103.015","103.846","102.911","102.911","103.222","102.495","102.183","103.222","106.029","106.029","105.509","104.782","104.574","104.366","104.262","103.638","100.936","101.143","103.638","106.965","105.198","104.47","103.638","103.95","103.326","101.247","100.312","100.52","102.911","102.807","101.143","101.143","101.143","101.455","101.247","101.351","101.351","99.9","99.7","99.6","99.9","99.8","99.2","99.3","99.1","98.9","101.4","101.5","101.6","101.8","101.7","101.8","101.6","101.1","101.2","100.9","101.1","100.9","100.9","100.4","97.3","102.7","101.4","97.9","98.2","98","98.2","98.2","98.5","98.4","98.5","97.1","97.3","96.2","96.1","96.1","97.2","96.9","96.9","96.9","96.9","96.9","94.8","91.6","92.3","92.4","92.4","92.4","92.4","92.4","92.6","92.7","92.7","92.7","92.7","92.7","92.7","90.4","89.3","88.8","88.3","87","87","87","87","87","87","87","87","87","87","86.9","86.9","86.9","86.9","86.9",
"알코올 음료 제조업","가동률지수(원지수)","","111.062","91.347","104.053","110.296","110.405","119.606","120.044","118.62","112.596","105.805","100.438","110.077","99.89","89.923","104.929","104.929","112.048","117.963","109.419","113.143","108.653","116.429","111.939","105.805","95.947","97.919","107.777","106.024","119.058","128.478","117.087","120.701","116.429","96.276","112.924","102.191","106.024","94.852","107.448","106.024","116.429","115.882","118.949","116.429","98.686","116.539","94.633","94.743","109.419","89.157","104.162","108.543","116.32","111.939","110.405","111.391","100.986","103.395","92.881","96.057","105.2","92.1","94.5","101.4","107.2","118.9","112.9","103.4","101.9","93.5","89.1","79.8","84.8","84.2","100.3","95.1","94.6","104.3","90.8","100.4","93.9","91.3","100.5","102.1","96.8","93.7","107.3","100.3","108.4","113.7","110.8","114.5","107.8","95.6","101.9","96.3","103.3","92.7","111","99.8","106.6","120.5","110.6","110.5","104.4","113.9","100.7","84.5","115.2","85.3","99.1","107.8","117.3","119.4","111.4","103.6","113","120.8","97.5","91.8","98.1","105.3","113.8","115.8","106.1","103.3","106.6","107.7","123.7","96.6","93.2","96.5","108.8","91.9","103","102","97.7","111.4","105.2",
"알코올 음료 제조업","가동률지수(계절조정)","","114.384","107.387","104.417","108.456","107.174","106.706","109.059","118.527","112.602","99.712","112.306","114.823","106.209","102.226","104.976","106.449","108.79","105.155","102.792","106.1","108.105","110.379","121.446","107.389","105.923","106.959","107.336","107.667","115.749","114.394","110.21","113.026","108.495","103.689","122.515","110.777","109.753","110.366","106.355","107.862","113.376","106.34","112.182","108.984","101.646","109.913","102.603","103.232","112.71","104.134","105.608","107.388","106.636","102.666","101.23","104.249","104.067","97.138","100.605","105.285","116","97.3","92.3","107","101.5","105.8","103.8","102.9","97.3","91.4","99.5","85.4","90.9","97.3","97.3","94.8","92.5","90.1","83.7","96.9","93.6","90.4","108.7","109.9","105.4","106.5","106.7","100","99.7","104.5","105.6","107.3","107.2","91.3","110","101.3","114.3","100.7","106.5","102.8","104.4","107.5","105.6","103.8","105","110.2","108.6","95","120.1","95.3","97.6","111.3","111.5","110","103.3","97.6","115.5","114.2","105","103.6","113","113.3","115.2","116","100.8","98.3","99.1","104.8","114.9","93.9","103.3","106.1","113.5","106","100.9","102.3","95.7","102.9","101",
"비알코올 음료 및 얼음 제조업","생산능력지수","","91.72","91.904","91.996","91.996","92.088","92.088","92.18","91.996","92.088","91.812","92.272","91.812","91.444","91.72","92.088","92.088","92.548","92.64","91.536","91.076","91.076","90.984","90.708","90.616","93.652","93.928","93.376","93.836","93.284","93.652","93.744","93.376","93.284","93.652","94.02","94.388","95.308","97.056","96.412","96.412","97.24","97.424","95.952","96.044","96.044","95.952","96.044","96.412","97.792","97.792","97.424","97.792","98.528","98.252","98.252","98.344","98.988","98.712","98.804","99.08","98.7","98.9","99.3","99.4","99.8","100.3","100.2","100.3","100.5","100.8","100.9","100.8","100.5","100.6","100.7","102.2","102.3","102.6","101.8","100.1","100.2","100.5","100.1","100.1","101.3","101.2","101","99.5","99.5","99.3","99.6","99.2","99.1","99.6","99.5","97.8","98.2","98.4","97.9","96.2","95.9","95.6","95.7","95.7","95.9","95.9","94","94.3","99.3","100","99.3","98.9","98.4","97.8","96.8","97.2","95.8","96.2","95.4","94.9","96.3","96.4","97.4","96.2","95.4","95.7","95.8","95.9","95.8","95.8","95.7","95.8","95.5","95.6","95.7","95.6","95.7","95.3","96.2",
"비알코올 음료 및 얼음 제조업","가동률지수(원지수)","","86.614","72.244","100.295","103.445","104.331","113.484","114.272","111.22","98.031","104.724","88.091","84.35","90.551","80.512","107.48","105.709","106.594","116.732","115.748","126.181","114.075","105.61","98.622","93.209","92.126","96.358","102.756","103.642","112.205","117.717","118.406","120.472","120.276","95.965","100.197","87.894","105.61","84.547","104.823","103.051","107.48","110.925","117.52","119.685","106.693","109.35","95.571","89.764","107.48","86.122","103.543","110.63","120.079","110.335","120.669","108.661","101.575","107.48","95.669","86.417","91.1","89.9","94","100.5","100.9","113.8","114.2","102.7","105.5","99.7","93.5","94.2","91.1","85.7","103.1","108.8","102.1","109","117.3","110.4","103","101.6","98.9","99.2","103.1","86.8","107.7","113.7","124.6","117.6","126.5","127.5","115.3","117","107.3","96.2","107","95","110.6","110.7","116.9","118.9","112.5","122.3","112.9","105.7","100.8","81.5","100.7","84.3","96.3","107.3","111","107.1","113.1","109.7","104","112","93.3","83.5","93.3","89.1","94.8","108.9","105.9","102.7","116.7","104.7","118.4","94.8","89.2","84.4","95.3","78.8","100.9","110.3","100.1","113.3","120.4",
"비알코올 음료 및 얼음 제조업","가동률지수(계절조정)","","89.746","88.501","100.216","100.252","100.373","102.428","99.877","102.266","95.38","99.792","100.689","98.388","95.93","96.225","107.536","105.202","102.647","105.823","103.881","110.315","111.964","99.943","108.628","105.698","102.602","109.356","102.872","103.033","108.009","107.197","106.107","105.81","106.66","106.494","109.488","105.415","107.59","104.618","104.899","102.425","103.315","104.387","105.173","105.588","107.337","104.214","103.691","107.824","108.909","106.87","106.613","106.815","108.965","104.266","104.909","96.353","102.582","102.045","103.312","104","99.7","100.1","94.3","102.3","94","105","99.2","96.7","96.5","101.5","103.5","110.5","93.9","106.8","103.7","104.3","97.8","98.1","101.6","101.6","100.9","101.9","106.4","116.5","108.9","105.4","111.6","108.6","112.9","112.1","112.5","114.6","113","114.1","115.3","110.2","116","109.2","111.7","108.3","112.1","110.3","100","110.2","109.2","107.2","108.2","98.9","100.3","102.4","100.1","104.6","103.5","102.2","97.8","99","104.5","109.2","100.1","101.7","103.6","102.4","101.3","103","98.8","100.7","101.1","97.3","103.9","99.9","98.5","100.2","94.6","98.4","105","104.2","96","108","107.3",
"담배 제조업","생산능력지수","","85.238","82.235","82.235","82.235","82.235","83.82","83.82","83.82","83.82","83.82","83.82","83.82","83.82","83.82","83.82","83.82","83.82","83.82","83.82","83.82","83.82","83.82","83.82","83.82","83.82","83.82","83.82","83.82","89.741","89.741","89.741","89.741","89.741","91.827","91.827","91.827","91.827","92.577","92.577","92.577","92.577","92.577","92.577","92.577","97.748","97.748","97.748","97.748","98.666","98.666","98.666","98.666","98.666","98.666","101.751","101.751","101.751","101.751","101.751","101.751","100","100","100","100","100","100","100","100","100","100","100","100","100","100","100","100","100","100","100","100","100","100","100","100","100","100","100","100","100","100","100","100","100","100","100","100","100.3","100.3","100.3","100.3","100.3","100.3","100.3","100.3","111.6","111.6","111.6","111.6","111.9","111.9","114.5","114.5","114.7","114.7","114.7","114.7","114.7","114.7","114.7","114.7","114.8","114.8","114.8","114.8","114.6","117.1","117.1","113","113","113","113","113","112.7","110.3","116.9","115.6","110.7","110.7","110.5",
"담배 제조업","가동률지수(원지수)","","75.379","69.792","88.636","92.803","84.943","103.314","108.523","96.117","104.83","106.818","104.261","100.852","98.295","90.72","120.076","106.439","108.239","112.973","101.989","112.973","99.527","102.746","119.697","103.788","114.11","113.826","127.652","125.663","103.03","118.75","119.792","98.39","119.034","84.47","109.375","87.405","102.557","87.784","102.936","96.686","99.527","94.697","101.42","90.152","81.818","95.833","101.705","64.394","89.11","74.432","102.273","105.777","105.114","102.841","114.299","92.424","91.098","89.394","97.633","80.966","92.7","98.5","99.5","85.9","84.6","110.9","129.7","97.2","109.6","107.1","110.2","74.1","94.2","83.5","106.7","104","94.1","100.6","90.2","84.7","81.9","93.1","107.7","77.9","93.4","80.8","97.5","97","97.4","102.5","109.2","95.1","96.5","94.8","106.3","73.4","98.7","100.6","108.4","96.2","96.7","98.3","107.2","98","79.9","93.5","99.1","56.2","103.3","80.8","93","99.7","92.8","97.1","109.8","93.1","84.9","97.2","89.8","59","71.7","86.3","86.1","95.7","86.3","84","93.5","84.6","96.9","73.6","84","51.6","85.1","75","95.8","95","82.6","89.4","89.4",
"담배 제조업","가동률지수(계절조정)","","73.927","85.258","84.874","90.789","88.262","97.284","96.718","104.46","105.877","97.396","99.603","112.525","100.006","105.898","114.556","107.651","112.377","106.318","94.127","114.057","100.69","94.457","110.173","112.498","126.195","121.129","121.431","126.426","106.829","111.883","110.207","99.477","108.139","94.153","100.663","103.248","99.506","105.651","97.637","96.765","103.166","92.717","93.027","91.223","86.585","89.044","93.517","76.895","86.807","88.603","100.471","101.411","101.012","100.681","100.699","93.551","96.58","83.6","89.589","97.748","102.1","99.2","93.8","88.6","84.5","104.4","114.1","106.2","104.1","108.4","104.9","87","94.4","99.4","100.3","99","97.6","91.1","79.2","89.1","83.8","94.8","98.6","92.3","98","91.5","95.1","92.2","93.6","100.2","99.3","96.2","98.9","93.3","97.3","84.5","108.6","104.3","101.7","94.7","100.2","92.5","97.3","99.1","82","95.4","90.7","70.4","99.4","92.1","90.4","97.9","92.5","94.8","95.6","94.1","90.4","95.9","82.2","74.5","81.3","90","86.9","90.2","86.1","85.1","81.3","88.8","89","78.2","79.9","63.1","81.8","88.6","93.1","89.4","85.6","87.1","80.8",
"담배 제조업","생산능력지수","","85.238","82.235","82.235","82.235","82.235","83.82","83.82","83.82","83.82","83.82","83.82","83.82","83.82","83.82","83.82","83.82","83.82","83.82","83.82","83.82","83.82","83.82","83.82","83.82","83.82","83.82","83.82","83.82","89.741","89.741","89.741","89.741","89.741","91.827","91.827","91.827","91.827","92.577","92.577","92.577","92.577","92.577","92.577","92.577","97.748","97.748","97.748","97.748","98.666","98.666","98.666","98.666","98.666","98.666","101.751","101.751","101.751","101.751","101.751","101.751","100","100","100","100","100","100","100","100","100","100","100","100","100","100","100","100","100","100","100","100","100","100","100","100","100","100","100","100","100","100","100","100","100","100","100","100","100.3","100.3","100.3","100.3","100.3","100.3","100.3","100.3","111.6","111.6","111.6","111.6","111.9","111.9","114.5","114.5","114.7","114.7","114.7","114.7","114.7","114.7","114.7","114.7","114.8","114.8","114.8","114.8","114.6","117.1","117.1","113","113","113","113","113","112.7","110.3","116.9","115.6","110.7","110.7","110.5",
"담배 제조업","가동률지수(원지수)","","75.379","69.792","88.636","92.803","84.943","103.314","108.523","96.117","104.83","106.818","104.261","100.852","98.295","90.72","120.076","106.439","108.239","112.973","101.989","112.973","99.527","102.746","119.697","103.788","114.11","113.826","127.652","125.663","103.03","118.75","119.792","98.39","119.034","84.47","109.375","87.405","102.557","87.784","102.936","96.686","99.527","94.697","101.42","90.152","81.818","95.833","101.705","64.394","89.11","74.432","102.273","105.777","105.114","102.841","114.299","92.424","91.098","89.394","97.633","80.966","92.7","98.5","99.5","85.9","84.6","110.9","129.7","97.2","109.6","107.1","110.2","74.1","94.2","83.5","106.7","104","94.1","100.6","90.2","84.7","81.9","93.1","107.7","77.9","93.4","80.8","97.5","97","97.4","102.5","109.2","95.1","96.5","94.8","106.3","73.4","98.7","100.6","108.4","96.2","96.7","98.3","107.2","98","79.9","93.5","99.1","56.2","103.3","80.8","93","99.7","92.8","97.1","109.8","93.1","84.9","97.2","89.8","59","71.7","86.3","86.1","95.7","86.3","84","93.5","84.6","96.9","73.6","84","51.6","85.1","75","95.8","95","82.6","89.4","89.4",
"담배 제조업","가동률지수(계절조정)","","73.927","85.258","84.874","90.789","88.262","97.284","96.718","104.46","105.877","97.396","99.603","112.525","100.006","105.898","114.556","107.651","112.377","106.318","94.127","114.057","100.69","94.457","110.173","112.498","126.195","121.129","121.431","126.426","106.829","111.883","110.207","99.477","108.139","94.153","100.663","103.248","99.506","105.651","97.637","96.765","103.166","92.717","93.027","91.223","86.585","89.044","93.517","76.895","86.807","88.603","100.471","101.411","101.012","100.681","100.699","93.551","96.58","83.6","89.589","97.748","102.1","99.2","93.8","88.6","84.5","104.4","114.1","106.2","104.1","108.4","104.9","87","94.4","99.4","100.3","99","97.6","91.1","79.2","89.1","83.8","94.8","98.6","92.3","98","91.5","95.1","92.2","93.6","100.2","99.3","96.2","98.9","93.3","97.3","84.5","108.6","104.3","101.7","94.7","100.2","92.5","97.3","99.1","82","95.4","90.7","70.4","99.4","92.1","90.4","97.9","92.5","94.8","95.6","94.1","90.4","95.9","82.2","74.5","81.3","90","86.9","90.2","86.1","85.1","81.3","88.8","89","78.2","79.9","63.1","81.8","88.6","93.1","89.4","85.6","87.1","80.8",
"섬유제품 제조업; 의복 제외","생산능력지수","","106.767","106.66","106.767","107.411","107.948","107.841","107.841","107.304","106.66","107.304","107.948","108.485","108.485","108.271","108.271","108.378","108.593","109.345","109.989","109.345","108.808","109.667","109.345","108.915","108.7","108.7","107.948","108.7","109.237","108.808","108.7","107.841","108.593","108.485","107.841","108.7","107.304","105.693","105.048","105.048","104.296","103.652","104.189","102.793","102.793","101.182","100.644","100.215","101.719","100.43","100.322","99.463","99.463","99.248","99.141","99.141","99.356","99.463","99.57","99.463","100.8","101.2","99.7","100.2","100.4","100.7","99.5","99.7","99.6","99.8","99.3","99.1","99.8","97.3","95.8","94.7","94.7","94.7","94.5","93.7","93.6","92","91.6","91.2","86.9","84","83.1","82.3","82","82.2","81.4","82.4","82.5","83.3","82.1","82.4","79.3","79.6","79.5","79.2","79.2","79.1","80.2","80.1","80.3","80.2","80.7","80.4","80.6","79.8","79.7","79.1","79.2","78.6","81.6","80","79.4","78.9","78.9","78.8","79.9","79.1","79.4","79.4","79.8","79.4","79.5","79.5","79.5","79.8","79.8","79.5","77.9","77.7","75.8","73.3","72.8","72.6","72.2",
"섬유제품 제조업; 의복 제외","가동률지수(원지수)","","121.793","105.978","134.247","133.748","127.895","127.522","126.526","114.695","122.665","130.76","124.658","124.035","116.936","106.476","131.507","126.775","126.152","124.284","118.431","112.329","114.57","124.284","126.152","124.035","107.721","111.706","126.526","121.793","121.42","120.174","115.193","110.71","122.665","107.97","122.914","113.076","112.827","97.26","123.039","120.05","125.903","120.299","115.691","109.963","103.238","124.782","118.929","114.197","112.329","94.271","117.31","121.918","122.79","114.57","120.05","105.479","106.725","120.922","113.574","112.702","100.1","101","117.1","90.5","81.9","92.3","102.5","89.6","105.9","106.7","106.7","105.7","99.4","88.4","114.5","110","104.2","109.4","111.5","96.6","96.6","109.4","114.3","116.3","115.8","108","129.7","124.8","125.3","117.7","116.5","109.7","112.7","113.6","117.8","111.2","107.4","112","123","113.3","116.8","115.6","108.3","103.8","107.7","108.9","112.1","105.1","107.5","97.4","113.9","119.1","117.9","112.7","107.1","100.4","98.9","117","112.1","112.2","98.9","105.7","113.3","114.6","108.6","104.2","104.5","95.6","107.8","99","104.3","109.1","105","85.9","110.4","110.7","103.1","107.7","108.2",
"섬유제품 제조업; 의복 제외","가동률지수(계절조정)","","121.495","122.962","125.239","126.939","124.481","123.183","124.321","125.518","129.009","124.571","123.619","122.203","118.971","121.177","122.592","122.744","122.801","120.205","118.691","118.324","121.544","117.302","122.546","119.693","117.505","118.549","117.8","117.94","118.216","116.404","115.455","116.741","118.088","116.74","119.331","113.563","112.446","112.9","114.417","116.262","122.635","119.047","115.992","116.021","111.591","117.861","115.425","114.699","112.635","108.616","111.206","115.684","114.916","113.551","118.039","111.353","115.349","114.231","110.193","113.25","109.7","104","108.5","89.2","78.2","89.7","100.7","98.3","105","107.4","105.4","103.9","100.6","102.2","106","103.8","101.3","104.2","109.7","104.2","102.1","107.5","110.7","114.3","122.1","120.3","122.3","117.3","116.6","117","117.2","116.3","119.4","109.3","114.1","106.7","117.6","117.1","113.4","109.1","113.7","112.4","109","109.9","112.1","108.8","108.7","105.3","106.7","110.1","107.1","114.3","112.3","111.9","105.8","106.7","106.9","112.8","108.7","112.6","109.5","111.3","108.7","107.8","103.6","105.6","103.3","103.6","102.5","103.9","103.4","107.1","104","98.8","103.8","104.2","100.4","106.8","109.4",
"방적 및 가공사 제조업","생산능력지수","","125.869","125.097","131.017","128.7","129.472","129.086","130.373","129.344","127.799","130.245","127.799","129.601","127.799","124.453","126.255","125.225","124.839","126.512","123.938","121.364","121.493","124.582","124.453","125.354","120.463","120.206","120.463","120.206","119.949","122.909","122.008","119.305","121.107","119.048","119.691","120.592","117.761","115.701","112.227","111.454","108.752","106.564","104.247","103.99","102.96","104.376","103.346","101.158","101.287","101.03","101.158","101.802","100.515","100.644","100.901","100.901","99.871","100.644","100","99.871","99","98.8","99.9","101.2","102.2","103.1","103.1","103.9","103.5","98.9","94.9","91.6","89.8","87.2","86.5","86.3","86.2","86.1","85.4","83.2","82.1","80.5","79.5","79.1","78.8","78.3","74.1","73.3","72","72","71.8","71.6","70.5","74.6","72.5","73.8","79.8","78.8","78.2","78.5","78.6","78.4","79.4","77.7","77.6","76.5","78.4","78.5","76.4","74.5","73.7","73.9","74.5","73.6","74.2","74.6","75.5","77","73.7","73.9","70.7","71.1","69.8","70","71.3","72.3","71.8","71.1","71.6","76.9","77.3","76.1","65","64","61.8","61.8","60.1","59.6","59.1",
"방적 및 가공사 제조업","가동률지수(원지수)","","151.846","126.588","150.222","147.71","143.87","145.495","149.335","141.064","147.267","158.05","153.471","157.755","153.028","133.383","152.437","148.301","153.619","150.812","150.96","138.552","140.62","151.994","152.437","151.256","139.291","145.79","157.459","150.222","145.495","145.79","142.541","136.632","140.62","128.804","136.189","131.61","129.542","110.34","136.78","134.417","135.303","126.588","127.326","120.679","118.612","140.325","131.462","132.496","137.814","112.408","132.201","130.133","133.383","124.52","127.474","115.805","110.783","127.622","119.35","121.861","114.7","108.3","117.8","93.7","78.2","89.4","94.6","87.9","100.8","99.8","106.8","108.1","108.6","97.6","119.8","122.7","125.2","123.2","125.3","114.4","112.4","120.8","122.2","126","121.9","107.4","131.4","123.3","129.4","130","132.9","115.2","121.2","116.4","123","113.1","109.3","110.3","119.7","113.7","112","107","103.1","98.1","96.6","101.9","100.8","99.2","98.2","88.9","104.2","110.6","108.3","102","98.1","93.7","88.3","97.9","95.9","93.7","86.2","84.8","93.1","92.7","92.1","82.5","80","75.2","83.2","74.8","84.1","85.9","100","84.6","102.2","102.5","101.9","90.8","92.1",
"방적 및 가공사 제조업","가동률지수(계절조정)","","146.678","146.749","142.951","143.376","139.851","145.424","146.396","151.636","156.325","148.689","151.893","152.638","148.877","153.208","145.337","145.192","149.127","150.617","149.443","146.246","150.369","142.231","149.618","145.177","148.517","152.437","150.427","146.987","141.009","145.456","141.206","144.051","135.783","136.203","133.737","128.754","124.431","127.729","130.872","131.407","130.88","127.275","126.171","127.084","128.114","131.948","129.133","129.937","132.845","129.349","127.721","125.982","126.556","125.071","125.236","121.797","119.745","120.365","117.247","119.835","122.3","111.5","112.8","92.2","74.7","88.9","93","94","101.7","100.4","105.8","105.6","104.7","113","114.8","118.4","120.4","121.3","123.1","121.2","120.8","116.6","120.1","123.3","123.3","118.3","127","118.7","122.2","130","131.6","121","130.4","111.8","120.9","110","116","114.5","114.8","110.3","107.5","105.9","102.1","103","101.9","101.3","99.1","98.2","93.5","101.9","100.7","107.2","103","101.7","96.4","98.4","96","94.6","94.2","92.8","91","89","90.7","88.9","87.5","82.9","78.6","79.6","80.1","80.4","83.3","84.5","95.1","97.8","98.7","98.3","97.7","90.4","91.4",
"직물 직조 및 직물제품 제조업","생산능력지수","","106.566","107.212","105.92","106.781","108.181","107.966","109.042","107.858","107.75","107.966","107.75","108.934","106.889","106.997","107.75","106.674","106.781","106.136","108.288","107.966","106.997","107.32","107.858","108.073","108.288","107.212","106.997","108.181","110.011","108.073","108.611","107.75","108.611","109.473","106.781","109.042","107.427","105.382","102.691","104.844","103.445","102.583","105.167","102.476","103.445","102.153","101.399","99.892","103.229","100","100.215","99.677","99.139","98.816","98.493","98.601","98.493","97.632","97.632","97.74","99.9","100.7","99.6","99.7","99.6","100.3","100.1","100","100.2","100.6","100.3","99","98.8","95.5","93.5","92.9","93.4","93.5","93.4","93.5","93.2","92.5","92.2","92.7","86.2","83.2","83.7","82.6","82.8","83","82.4","82.4","82.2","81.8","81","81.1","79.3","79.3","79.4","78.8","78.7","78.6","79.1","79.4","79","78.9","78.9","78.7","79.2","79.3","79.3","80.1","80.3","79.8","81.9","82","81.9","82.2","82.2","82.4","84.6","84.7","85.9","84.5","84.4","83.4","83.7","83.6","83.4","83.5","83.7","84","83.4","82.9","81.2","81.9","81.7","81.2","80.9",
"직물 직조 및 직물제품 제조업","가동률지수(원지수)","","123.745","102.938","130.477","132.558","127.907","125.214","121.542","113.097","122.032","128.519","122.399","118.605","110.526","97.43","123.011","117.013","117.013","113.831","107.956","103.305","106.854","113.219","117.748","115.545","94.982","103.672","113.341","112.118","112.485","113.219","107.956","104.284","114.933","101.958","116.279","103.182","106.365","91.922","117.258","114.933","125.581","123.99","116.279","110.526","99.755","121.542","118.115","114.933","106.732","90.82","117.503","123.501","126.438","118.482","127.295","107.099","111.383","125.214","118.36","115.545","100.3","96","117.9","94","80.8","89.2","103.5","85.3","107.9","108.2","111.5","105.5","100.8","86.7","115.9","113.3","101.6","109.8","115.6","90.9","92.8","108","116.2","114.3","118.3","107.9","125","121.7","122.6","120.3","116.5","109.9","114.3","117.5","126.5","121.3","106.9","109.5","119.9","112.3","117.1","116.9","114.8","104.2","113.3","116.4","120.4","116","114.7","102.4","116.6","120.3","121.8","118.6","117.1","104.4","99.3","120","117.4","120.5","102.1","109.2","114.2","120.5","116.7","115.2","114.8","104.1","112.6","105.8","109.5","118.5","105.2","86","113.4","109.2","103.9","116.4","111.7",
"직물 직조 및 직물제품 제조업","가동률지수(계절조정)","","122.284","121.829","121.387","125.495","125.286","120.133","120.068","126.275","129.963","121.792","119.692","114.531","111.886","112.738","114.527","113.458","114.56","109.159","109.002","110.251","114.864","106.21","112.469","109.01","104.815","110.162","105.653","108.764","110.064","108.541","108.915","111.319","111.648","110.785","111.055","101.828","105.449","108.841","109.428","111.495","122.89","121.58","117.253","118.021","109.789","113.907","112.798","113.303","107.012","106.387","112.309","117.078","118.197","116.157","125.4","114.386","122.6","117.337","113.01","113.806","112.1","98.6","110.2","93.3","77.3","85.5","101.8","95.4","108.3","108.7","108.9","101.5","102.4","102.6","108.4","107.4","99.5","102.8","113.8","99.4","99.8","106","110.8","109.9","126","121.7","119.7","115.5","114.7","118","117.3","117.5","122.9","112.6","120.7","113.9","119.4","115.1","112.3","109.1","114.8","111.9","115.4","111.5","119.9","116.1","115","113.9","113.7","118.4","111.8","117","116.8","116.1","115.1","111.8","109.4","115","112.2","118.3","114.9","116.4","112","114.5","112.1","115.3","112.7","114.2","108.7","110.4","107.1","113.6","104.1","101.8","108.7","103.8","102.2","113.8","112.2",
"편조 원단 제조업","생산능력지수","","98.113","100.397","98.51","99.404","100.397","99.404","100.794","99.603","98.808","98.51","97.915","100","98.51","96.624","98.808","100.497","100","104.469","102.979","102.88","100.695","99.702","98.213","100","104.866","102.88","101.49","104.171","104.866","104.171","103.674","103.674","101.291","100.298","99.801","105.362","106.653","105.065","109.037","109.037","105.76","111.519","111.917","104.071","105.263","102.681","101.589","104.866","106.653","102.88","102.383","101.39","101.291","101.787","102.483","101.787","101.787","101.49","100.993","100.596","101","100.8","101.4","101.2","101","100.7","99.6","98.9","98.7","99.1","99.1","98.3","94.5","93.7","94.4","94.5","97.4","95.6","94.4","94.7","94.7","90.2","87.9","87.8","83.9","83.8","83.7","83","82.7","82.8","81.1","80.7","80.4","78.4","78.3","78.3","78.6","78.8","78.8","78","78","77.8","78.1","80.2","80.2","79.8","79.8","80","79","75.7","75.7","75.5","75.5","75.3","78.4","78.4","78.4","78.3","78.4","78.6","92.2","79","80.7","80.9","80.9","79.5","79.8","80.4","79.6","79.3","79.2","79.4","78.7","78.2","75.9","75.3","75","74.4","74.2",
"편조 원단 제조업","가동률지수(원지수)","","156.677","131.832","167.081","165.373","151.553","158.851","148.137","136.335","146.118","160.093","164.286","177.019","171.429","158.075","180.435","174.689","173.292","181.522","170.807","163.665","167.547","174.845","174.379","168.634","149.379","148.137","179.814","150.621","157.764","152.95","135.248","136.957","152.329","140.373","156.677","158.696","159.161","141.46","170.652","156.211","168.944","170.963","169.876","145.807","141.149","153.882","153.106","159.938","156.366","149.068","170.031","154.503","157.919","144.099","132.143","123.292","122.516","126.708","133.385","125.932","116.5","124.9","125.8","80.7","61.6","85.6","109.7","103.4","96","104.9","94.7","96.4","83.9","78.7","93.2","96.5","82.3","100.9","97.3","87.7","88.3","106.5","118.6","126","119.4","116.9","137.8","133","136.3","129.9","127.6","113.6","119.7","115.4","118.6","113.4","108.4","112.3","134.7","127.2","120.1","173.6","117.9","107.7","103.7","103.8","106.3","106.4","112.7","99.1","117.6","110","121.8","123.5","125.5","116","123.3","127","126.7","120.5","91","117.3","109.2","117.5","113.4","120","116.6","96","111.7","97.1","110.1","112.9","120.9","101.6","118.8","123.7","111.2","118","119.2",
"편조 원단 제조업","가동률지수(계절조정)","","152.163","146.368","153.039","161.586","146.384","151.282","148.657","153.578","155.212","158.881","164.128","169.948","170.477","171.665","165.301","174.493","167.207","172.658","174.329","176.974","177.957","173.929","170.846","158.8","156.335","153.112","165.021","150.586","151.893","145.175","136.872","148.127","152.381","155.18","153.821","155.95","157.136","155.619","156.874","156.051","162.104","165.148","170.241","157.372","153.012","155.006","150.836","157.615","155.669","163.566","159.767","150.89","145.161","138.669","128.28","132.884","132.604","128.698","132.048","124.565","124.6","126","115.7","81.8","57.7","80.3","105.6","115.8","97.3","111.7","96.1","94","85.7","87","85.6","93.7","78.8","92.5","93.1","96.2","92.7","113.7","118.5","123.9","124.6","126.9","128.8","129.3","125.6","123.5","124.3","122.2","124.5","120.7","118.9","110.2","115.1","117.2","123","126.5","115.6","161.3","114.7","116.3","107","110.4","106.8","108.4","111.4","108.6","109.3","110","115.4","116.8","119.6","125.7","128.9","132","127.3","123.4","97.5","123","103.4","115.6","107.8","115.6","111.1","106.4","107.4","104.8","112.8","113.7","118.6","113.7","110.3","122","107.9","111.3","116",
"섬유제품 염색, 정리 및 마무리 가공업","생산능력지수","","113.77","112.19","112.415","112.867","112.19","112.302","112.19","112.641","111.964","111.625","115.463","114.898","117.946","117.72","115.914","117.494","118.172","119.865","119.977","119.752","119.074","121.106","119.639","116.93","115.801","117.833","117.946","118.623","119.639","119.3","117.607","117.72","118.284","118.059","117.607","115.35","113.77","113.544","116.479","112.641","113.77","112.302","110.835","111.625","109.255","107.562","107.562","106.546","107.336","106.659","106.321","103.612","103.386","103.273","102.822","102.032","102.032","102.37","102.822","102.483","102.3","102.5","98.4","100.6","100.5","100.2","96.8","97.6","97.6","100.1","99.7","103.7","111.7","110.4","107.5","105.4","104.1","103.8","103.6","103","103","96.6","95.8","95.1","95.8","92.5","89.9","87.7","87.5","88.4","87.2","87.8","88.8","89","87.7","87.3","88","88.7","88.6","89.6","89.6","89.1","93.2","93.1","92.8","93.1","93.8","93.7","94","93.5","93.3","89.6","89.5","89.5","89.3","89.1","89.1","87.6","88.3","87.5","85.9","85","84.8","86.3","87","87.2","87.2","87.2","87.2","85.9","85.7","85.4","84.7","84.6","80.7","73.9","72.3","72.6","73.2",
"섬유제품 염색, 정리 및 마무리 가공업","가동률지수(원지수)","","120.643","108.579","150.536","152.681","138.874","136.863","135.791","116.756","131.501","146.515","134.853","134.853","119.437","115.013","155.764","150.402","143.566","140.751","128.15","124.129","127.748","142.761","143.029","139.812","115.147","119.169","144.37","137.265","135.523","129.491","123.324","115.282","139.544","115.416","141.019","128.15","119.035","101.206","133.646","132.306","134.853","123.592","117.828","111.394","107.641","132.306","122.922","113.941","115.55","95.308","121.18","129.088","129.357","115.684","119.973","101.072","110.322","130.965","121.046","121.448","106.5","113.7","124.8","82","74.4","89.7","95.9","83.7","99.7","104.6","108.9","116.1","93.4","87.1","128.2","125.3","120.4","127.1","128.1","113.6","107.1","127.6","137.8","141.3","136.6","133.7","166.4","163.1","159.9","138.1","130","127","134.9","136.4","140.6","131.1","116.5","128.4","148.4","124.7","133.7","129","109.8","112.7","113.2","118.4","120.6","108.8","121","110.8","131.8","149.4","141.6","119.8","120.1","110.1","113.5","133","119.3","123.6","110.3","122.6","135.9","135.5","114.4","106.7","113.7","97.8","132.5","113.8","118.8","121.2","122.7","95.8","130.1","128.9","111","109.7","122.5",
"섬유제품 염색, 정리 및 마무리 가공업","가동률지수(계절조정)","","128.892","132.745","136.85","137.019","131.101","129.756","131.919","136.001","139.883","134.611","134.323","133.712","131.188","135.235","141.433","139.784","135.966","134.529","129.801","134.649","136.933","130.212","137.064","133.091","135.207","129.589","130.666","127.575","128.893","124.722","125.59","125.176","128.998","131.321","134.955","131.012","123.797","122.695","120.551","123","128.862","124.322","120.696","120.968","119.257","120.996","117.602","116.439","119.165","114.853","113.077","115.782","115.176","117.012","119.205","109.88","122.311","119.568","115.919","124.197","121.8","117.2","112.1","79.2","68.9","88","95.7","98.2","96.6","105.3","108.5","114.5","98.3","103.5","114.9","112.2","115.7","120.6","128.6","129","114.3","125.5","132.8","139.5","148.2","151.8","154.1","145.6","143.3","141.6","135.9","139.4","143.8","129.5","135.9","124.9","130.8","134.5","131.9","115.2","129.2","127.9","115.2","124","118.9","118.7","116.8","111.7","121.1","124.5","121","137.8","131.9","123.6","122","121.3","125.3","126.6","115.8","127.1","127.9","127.2","128.9","120.2","106.7","114.2","116.1","112","121","121.6","120","120.4","122.6","110.7","118.7","114","107.3","113.3","130.2",
"기타 섬유제품 제조업","생산능력지수","","92.744","92.744","92.186","94.233","94.512","94.698","92.558","92.093","91.349","92.837","93.302","93.116","94.047","95.163","94.698","95.442","95.907","96.651","97.302","96.744","96.93","96.558","96.093","96","97.488","97.767","94.977","94.977","93.302","93.488","94.605","93.674","93.953","93.674","95.907","96.465","95.721","93.86","93.86","93.953","93.86","94.047","94.326","93.581","94.419","91.256","90.605","92.837","92.93","94.14","93.767","93.302","94.884","94.791","95.256","95.814","97.674","98.698","98.884","98.977","101.8","101.9","100.4","100.4","101","101","98.9","99.2","98.7","98.8","98.9","99.1","98","95.8","95.4","93.9","93.6","93.8","93.9","91.9","92.1","92.4","92.5","91","85.4","81.2","80.9","81.2","80.9","80.6","79.4","83.2","83.8","85.8","84.6","85.2","73.6","74.7","74.7","73.8","73.9","73.9","74.3","74.1","75.4","75.8","76.2","75.6","76.1","74.5","74.5","73.3","73.3","72.2","79.5","73.3","71.1","69.3","70.1","69.8","71.1","70.1","69.9","71","71.3","71.3","71.2","71.7","71.9","71.4","71.2","70.6","70.2","70.7","69.8","64.6","64.6","64.8","63.6",
"기타 섬유제품 제조업","가동률지수(원지수)","","107.76","99.563","117.814","112.131","112.24","115.082","116.831","105.137","105.902","108.197","105.464","105.464","106.23","97.377","110.055","107.213","109.617","109.399","108.087","100.328","99.563","108.852","109.18","108.634","104.699","100.984","113.989","109.18","109.836","109.508","107.104","104.59","109.836","99.672","108.743","103.279","106.995","93.224","113.005","108.197","110.71","104.372","103.388","100.874","95.738","114.754","109.071","102.404","104.153","86.667","102.842","106.995","103.934","101.639","105.792","102.404","93.88","102.514","95.628","95.847","91.6","97","111.2","90.6","89.7","98.7","106.2","97.4","108.6","107.8","100.6","100.7","99.5","89.8","106.1","95.9","95.6","97.2","95.4","91.1","92.5","99.3","97.5","102.7","99.1","93.4","114.2","106.9","107","98.3","103.8","98.5","95.1","95.1","92.1","86.1","102.1","106.3","112.3","106.5","107.7","103","99.4","99.1","100.2","96","99.8","90.1","92.1","85.1","101.9","102.3","100.6","102.8","86.6","89.7","89.8","107.9","104.2","98.9","91.9","95.5","104.5","100","98.3","92.7","91","88.3","93.2","88","93.8","95.4","93.1","77.9","95.6","102.1","96.1","98.5","98",
"기타 섬유제품 제조업","가동률지수(계절조정)","","106.349","110.262","111.396","109.084","110.281","112.387","114.576","109.071","108.695","105.741","106.24","106.994","106.14","107.002","103.734","105.337","107.672","106.9","106.918","102.261","103.157","105.182","108.777","109.071","109.59","106.433","106.967","107.27","107.845","107.164","105.841","106.89","106.473","104.971","108.201","106.024","106.228","103.87","105.635","106.346","108.651","103.421","102.108","103.272","99.957","110.885","108.409","105.233","104.161","96.077","96.914","103.935","99.787","100.991","103.372","104.979","97.937","99.057","94.887","98.616","96.9","100.8","103.5","89.7","87","97.2","104","102.1","107.1","108.9","100.7","102.5","100.4","100.2","98.5","92.7","93.7","94.9","93.5","94.5","95.5","97.9","96.6","104.5","102.8","101.6","106.8","103.3","102.7","98.1","103.1","101.1","98.1","92.8","91.3","86.6","108.9","111.3","103.8","104","105.6","101.8","98.8","101.7","101.7","96.3","99","92.5","92.6","93.6","95","99.8","97.4","102.6","85.4","92","93.7","105.4","103.1","101.6","98.4","100.7","98.4","96.5","95.1","93.4","90","91.5","89.7","91.7","93.7","96.9","93.7","86.4","89.2","98.4","93.8","98.2","98.1",
"가죽, 가방 및 신발 제조업","생산능력지수","","165.182","165.347","165.512","164.851","164.851","162.211","165.512","165.512","165.677","163.366","167.987","164.356","163.366","162.376","162.706","161.221","161.881","162.046","162.046","159.571","158.251","161.056","158.746","159.901","158.581","157.921","157.921","158.251","158.746","158.746","156.436","162.376","162.706","163.696","160.726","148.185","145.545","146.37","144.059","145.05","145.05","141.254","140.759","140.924","140.924","140.759","136.634","129.043","118.977","113.696","112.541","113.696","112.541","112.211","112.376","109.406","109.901","110.066","109.901","101.32","100","100.4","100.4","99.7","99.7","101.5","102.4","102.2","98.7","99.6","99.5","95.9","97.9","97.4","97.8","98.2","97","96.5","93.5","93.8","93.8","93.8","94","95","96","96.6","96.6","93.4","88.9","88.9","87.8","87.5","87.5","86","86","86.3","86","85.8","85.8","86.1","86.1","87.3","87.7","87.6","87.6","87.1","87.1","87.1","90.1","90.1","88.9","87.9","88","88","87.7","87.7","87.7","87.9","87.9","87.9","86.7","86.7","86.7","86.7","86.7","86.7","87.2","87","87","87","87","87","86.7","86.5","86.7","86.5","86.5","86.5","86.5",
"가죽, 가방 및 신발 제조업","가동률지수(원지수)","","129.988","110.872","124.253","125.687","112.545","118.28","122.222","121.027","116.487","117.921","115.173","119.116","122.939","109.319","128.315","131.541","102.867","107.766","121.983","121.983","110.275","121.027","111.947","109.797","133.692","124.253","110.992","104.779","88.053","89.606","91.756","87.336","112.067","92.115","78.973","93.07","115.293","100.956","114.337","121.625","117.204","106.691","116.487","115.293","104.659","96.057","85.424","97.372","104.301","94.026","117.802","126.404","113.978","98.208","120.191","120.55","121.027","121.983","107.766","105.376","112.9","108.4","115.4","100.8","89.1","86.8","88.7","82.5","100.2","106.8","101.1","107.2","94.6","85","96.2","105","96.6","116.3","107.8","99.8","97","89.3","106.1","115.5","101.1","88.2","116.6","105.4","108","99.6","99.4","98.9","99.9","92","92.8","92.9","84.3","80.6","96.2","89.7","89.1","79.7","72.1","74.8","72.2","66.7","68.4","67.2","72.6","68.7","73.5","68.1","64.1","62","65.2","69.1","66.6","73.1","69.2","70","60.5","63.4","74.7","78.2","65.7","70.1","63.8","61","74","58","68.9","67.5","63.9","63.4","69.3","70.6","62.2","74.6","61.8",
"가죽, 가방 및 신발 제조업","가동률지수(계절조정)","","122.172","124.247","112.954","117.318","117.669","121.126","120.113","127.167","119.72","113.203","119.863","118.874","118.037","119.046","116.713","125.795","107.776","110.602","123.105","121.87","114.36","115.514","114.045","106.68","139.775","123.542","100.78","100.262","92.187","92.021","93.019","87.205","103.483","103.709","80.657","94.738","108.363","111.39","103.6","116.359","122.486","112.058","118.843","115.083","110.456","92.426","87.321","99.105","99.26","102.727","108.754","118.143","113.11","102.889","120.492","120.491","127.581","117.337","110.204","107.364","120.9","103.4","103.2","98.8","90.1","88.3","89.3","86.7","95.4","111.3","106","106.6","92.1","93.6","85.5","98.2","99.9","114.9","109.3","102.2","99.3","90.8","108.6","115.4","103","93.4","105.4","98.5","105.9","103.3","103.9","99.1","102.1","92.1","94.9","90.8","89.4","79.8","84.5","85.9","91.9","80.5","75.5","75.2","72.6","68.6","69.9","69","68.6","74.1","65.9","65.1","64.5","64.2","66.9","69.2","69.6","73.1","70.6","72","65.2","63.8","68.2","72.7","66.2","74.2","65.7","63.3","66.9","63","71.8","67.9","60.5","70.8","61.7","65.5","64.3","77.4","65.3",
"가죽, 가방 및 유사 제품 제조업","생산능력지수","","110.497","110.608","111.16","109.834","111.381","109.613","111.271","109.282","109.834","107.956","113.481","111.05","112.486","109.724","110.497","108.95","109.724","110.829","110.166","107.845","105.746","107.624","103.867","104.641","105.414","104.42","105.967","104.972","104.309","105.304","103.536","108.84","108.729","108.066","105.414","104.972","104.641","105.525","105.635","106.519","106.519","106.63","106.077","106.298","106.409","106.188","106.519","104.199","98.895","101.436","99.227","100.994","100.552","99.89","100","98.674","99.669","100","99.669","97.901","98.8","98.8","98.8","97.5","97.5","100.9","102.5","102","101","101.5","101.4","99.3","104.1","103.2","103.9","103.9","103.7","102.8","97.3","97.8","97.7","96.4","96.7","96.6","97.1","97.5","97.4","95.7","87.1","87.1","84.7","83.9","83.9","81.2","81.2","81.2","85.4","85","85","85.6","85.6","87.9","88.8","88.8","88.8","87.9","87.9","87.9","89.8","89.8","89.8","87.4","87.4","87.4","86.6","86.6","86.6","87.1","87.1","87.1","87.1","87.1","87.1","87.3","87.3","87.3","88.2","87.8","87.8","87.6","87.6","87.6","87","86.6","86.6","86.3","86.3","86.3","86.3",
"가죽, 가방 및 유사 제품 제조업","가동률지수(원지수)","","137.315","122.044","133.99","128.448","117.734","125.246","122.66","123.892","120.074","116.502","110.714","119.335","125.123","119.458","142.488","151.601","111.453","119.212","126.355","132.635","123.276","126.108","120.443","112.808","167.98","148.892","126.355","110.714","88.177","84.113","91.01","96.305","139.532","110.345","79.557","85.345","143.103","130.911","143.227","162.931","159.236","144.335","135.591","152.217","137.069","115.887","93.35","111.453","111.33","77.34","128.571","153.202","111.7","107.512","118.473","108.621","116.502","131.527","110.591","108.498","116.2","117.5","122.9","98","86.7","87.9","97.4","83.3","98.5","101.4","92.2","98.1","83.3","77.9","94.7","97.4","93.5","103.4","97.8","84.7","87.1","80.2","92.8","126.1","91.8","90.7","111","90.9","88.2","78.7","83.4","85.5","84.8","71.7","92.7","98.3","78.7","78.7","91.5","91","93.4","85.2","73.8","74.3","72.3","77","77.3","69.4","75.3","67","78","83.1","77.7","74.1","71.7","70.7","71","80.6","74.4","70","67.3","66.1","84.1","82","77.1","82.9","72.6","70.1","76.6","69.3","69.7","67.6","71.6","61.6","77.2","75.7","69.2","77","71.5",
"가죽, 가방 및 유사 제품 제조업","가동률지수(계절조정)","","133.282","138.024","120.846","120.606","122.502","126.58","118.643","131.62","124.542","111.132","113.627","119.165","123.303","131.434","127.664","145.199","117.033","121.259","125.158","135.402","128.514","118.747","122.128","110.46","185.328","145.1","112.307","106.079","93.111","85.936","90.718","98.294","130.678","119.551","81.05","86.841","137.961","145.732","126.476","155.695","168.707","150.793","136.112","155.281","145.054","108.518","95.228","113.43","109.353","84.868","114.867","143.236","113.751","112.496","117.397","110.921","123.351","122.65","112.793","110.533","131.1","111.1","107","95","89.8","89.9","97.2","88.7","95.7","100.6","96","98.2","82.6","88.1","81.9","90.6","98.2","103","98.2","89","91","76.8","94.7","126.8","97.1","97","97.4","84.5","88.4","80.8","86","88.7","88.8","67","94.6","97.3","88.8","77.9","78.4","86.2","96.6","85","76.5","77.4","74.4","74.6","78.7","71.8","73","76.2","68.1","78.6","78.3","74.9","73.4","73.9","76.2","75.1","75.5","72.7","75.6","68","74.8","75.8","77.2","84.9","74.7","74.8","72.2","71","72","69","69.3","72.4","67.3","69.9","70.4","76.9","75.4",
"신발 및 신발 부분품 제조업","생산능력지수","","244.988","244.988","244.254","245.721","242.298","238.142","244.254","248.411","247.677","245.232","246.944","241.32","235.208","238.631","237.653","236.43","236.919","235.208","236.675","234.474","234.963","239.364","240.587","242.054","236.675","236.919","233.741","236.919","239.364","236.919","234.474","240.587","241.565","245.966","242.787","207.335","198.533","198.778","191.443","192.665","192.421","180.44","180.44","180.44","180.44","180.196","166.993","148.9","142.054","127.628","127.628","128.362","126.161","126.406","126.65","121.516","121.271","121.516","121.516","104.89","101.5","102.2","102.2","102.3","102.3","102.3","102.3","102.3","95.9","97.4","97.2","92","90.5","90.5","90.5","91.6","89.1","89.1","89.1","89.1","89.1","90.7","90.7","93.1","94.5","95.4","95.4","90.5","90.5","90.5","91","91.1","91.1","90.9","90.9","91.7","86.5","86.5","86.5","86.6","86.6","86.7","86.6","86.5","86.5","86.5","86.5","86.5","90.3","90.3","88.2","88.2","88.4","88.4","88.4","88.4","88.4","88.4","88.4","88.4","86","86","86","85.8","85.8","85.8","86","86","86","86.1","86.1","86.1","86.1","86.1","86.4","86.4","86.4","86.4","86.4",
"신발 및 신발 부분품 제조업","가동률지수(원지수)","","133.25","108.657","124.718","133.124","116.437","121.079","131.744","127.854","122.334","128.984","129.109","128.482","130.74","108.156","124.467","122.083","102.635","105.019","127.478","121.33","106.148","125.847","112.422","115.558","109.787","109.41","104.642","107.403","95.232","102.635","100.125","85.32","93.35","81.179","84.944","108.657","96.863","79.297","94.856","90.339","84.818","77.666","106.775","87.829","80.803","83.94","84.567","91.217","98.745","104.015","109.536","107.654","114.178","91.217","120.075","127.102","122.71","114.429","104.893","102.258","109.1","97.8","106.8","104.1","91.8","85.5","78.6","81.7","102.2","113.2","111.4","117.8","107.8","93.1","98","113.9","100.2","131.3","119.4","117.2","108.3","99.8","121.5","103.3","111.9","85","122.9","122.3","131.2","124.2","118.3","114.6","117.6","115.9","92.7","86.3","91.6","84.2","102.9","90.4","86.9","76.3","72.3","77","73.8","58.4","61.6","66.5","72","71.2","71.4","58.3","55.1","54.1","61.6","69.1","64.6","68.9","66.6","71.2","56.1","63.2","68.4","77.4","57.2","60.5","57.9","54.6","74.2","49.3","70.6","69.9","59","67.3","64.3","68.3","57.8","74.9","55",
"신발 및 신발 부분품 제조업","가동률지수(계절조정)","","120.981","120.536","114.432","123.416","122.422","125.935","131.934","132.699","124.421","124.762","136.576","128.131","122.099","116.432","115.25","116.546","107.261","108.922","131.513","118.283","109.422","122.068","115.155","111.28","108.123","111.416","97.459","102.619","98.739","106.038","103.537","83.095","84.819","95.664","87.009","110.655","88.586","86.636","88.637","86.544","87.28","82.078","111.026","85.53","85.022","83.455","86.65","92.847","90.745","113.084","105.159","100.582","110.029","95.703","122.04","123.983","128.724","114.296","107.599","104.201","109.4","94.8","99","103.5","90.8","86.7","80.4","84.5","95.3","123.9","117.9","116.7","103.3","100.2","90","107.1","102.1","129.1","122.4","117.7","109.2","107.4","125.1","102.3","110.1","89.2","114.8","115.1","126.7","129.9","125.1","111.5","118","122","95.4","83.1","92.1","83.6","92.4","87.7","89.7","78.2","76.5","74.9","72.6","64.6","63.2","68","66.7","74.1","65.6","56.4","55.7","57.6","63.4","67.2","66.2","73.1","68.3","72.8","57.8","62.4","64.5","72.5","58.3","66.8","59.6","54.7","64.6","57.8","74.4","69.4","54.4","71.9","58.7","63.9","60.9","80.6","58.3",
"목재 및 나무제품 제조업; 가구 제외","생산능력지수","","101.331","102.559","102.559","101.126","100.614","102.456","102.559","103.071","102.559","102.354","102.559","104.504","102.456","101.126","101.945","101.74","101.433","101.228","101.945","103.275","102.968","104.811","105.118","104.913","106.039","104.504","104.913","106.551","105.937","105.937","105.834","106.755","106.039","105.937","106.858","107.369","105.732","105.629","104.401","103.275","103.787","103.992","101.842","101.331","102.354","101.331","102.354","102.252","103.378","103.071","102.559","102.354","103.071","101.228","100.512","101.433","101.024","101.638","101.433","100.102","100.4","99.9","99.4","99.7","98.9","99","99.8","99.7","99.8","101.3","101.3","100.8","100.3","100.5","98.1","93","91.7","90.6","87.6","87.3","87.2","87.2","87.7","87.9","86.1","85.5","84.6","83.5","83.4","80.6","81.5","81.6","80.8","81.1","81.7","81.9","82.5","83.3","83.7","83.4","83","83.4","83.6","83.5","83.8","82.4","82.4","84.4","83.6","78.6","78.1","78.6","77.3","78","77.8","77.5","76.7","76.4","76.7","77.2","77.7","77.6","76.6","75","74.6","75.2","75.2","75.6","74.7","74","73.8","73.9","73.3","73.3","72.6","71.8","70.5","70.9","71.1",
"목재 및 나무제품 제조업; 가구 제외","가동률지수(원지수)","","99.89","92.401","111.344","113.326","109.692","115.639","117.952","108.811","109.471","117.401","114.317","111.344","102.093","98.458","113.767","111.013","110.352","117.07","112.115","110.132","106.718","113.106","116.079","117.841","108.15","108.811","118.282","114.427","116.96","122.026","115.859","111.123","119.273","104.736","118.282","113.436","104.626","93.282","111.013","107.599","109.141","107.93","112.445","107.159","102.313","113.987","112.996","106.498","103.634","88.767","108.04","103.194","100.22","93.392","100.991","92.291","89.207","103.965","104.515","104.515","94.3","94.1","106.4","103.9","92.4","102.2","99.7","93.1","98.5","100.8","106.8","107.7","97","91.8","114.2","111.5","113.5","117.2","115.9","102.6","101.8","112.8","121.9","116.9","105.7","101.6","114.6","110.1","111.7","103.2","107.3","102.3","97.7","103.2","110.2","98.7","84.6","86.9","97.4","90.5","92.1","91.8","84.9","84.4","88.3","91.4","94","89.3","94.2","88.4","90.6","91.4","91.3","87.8","92.1","85","81.9","92.7","90.5","92.4","79","80.5","85.2","95.4","89.3","88.7","89.9","77.6","86.1","76.1","85.5","84.8","83.3","71.9","92.7","98.2","85.7","89.9","84.7",
"목재 및 나무제품 제조업; 가구 제외","가동률지수(계절조정)","","104.967","108.682","107.255","108.823","107.088","111.604","113.402","115.132","114.695","110.598","110.332","108.873","108.857","113.143","109.23","109.016","108.244","113.196","109.856","112.375","112.091","106.595","109.684","112.566","122.277","116.697","113.33","112.626","115.073","118.246","113.483","113.859","113.156","114.219","111.647","112.798","108.137","108.419","106.007","106.175","107.664","106.944","110.208","110.292","110.065","107.561","106.686","105.843","106.382","102.799","105.065","99.953","94.978","92.724","97.082","95.317","96.097","98.089","98.761","103.811","104.5","97.7","101.1","105","89.3","99.5","95.9","100.4","97.4","101.4","103","104.7","100.5","105.9","108.5","107.7","112","111.5","111.5","108.7","107.7","111","115.1","113.6","112.6","113.6","111.1","106.4","105.9","102.8","105.3","106.2","103.4","99.6","104","93.9","92.7","91.8","92.4","89.3","90.9","89.4","83.5","87.8","92.5","91.3","88.8","88.6","94.7","99.4","87.9","90.3","88.3","87.3","88.8","88.6","88.8","89.6","85.3","92.1","87.6","84.7","84.4","92.5","86.5","90.1","86.8","82.3","81.9","80.4","82.5","82.8","83.3","82.1","90.1","95","84.7","89.3","83.5",
"제재 및 목재 가공업","생산능력지수","","111.785","115.264","115.713","111.897","111.672","113.019","112.795","113.58","112.458","109.764","108.081","110.662","111.223","110.774","110.774","111.448","110.55","112.009","111.336","112.682","114.815","116.049","117.284","116.947","115.039","114.029","113.019","115.713","117.621","114.703","116.611","117.059","116.274","118.182","115.6","114.815","114.029","116.498","115.264","113.805","116.835","117.396","118.07","115.6","118.07","114.029","117.957","118.406","117.059","117.059","115.488","116.498","116.162","106.846","106.734","107.632","107.071","109.315","107.969","108.754","103.1","100.8","100.7","99.8","98.3","98.4","99.1","97.9","98.7","101.4","101.8","100","101","102.7","96.3","89.4","84.7","81.3","80.9","80","80.2","79.1","80.2","81.1","80.4","78.1","76.6","77.1","77.4","76.2","77.4","77.3","75.1","76.3","77.7","77.4","78.5","79.6","80.2","81.4","83.4","83.5","83.9","83.7","84.3","86.3","85.7","90.9","88.4","75.2","75.4","76.6","75.6","76.7","76.2","73.4","72.4","72.4","72.6","72.7","73.7","73.9","72.1","74.4","73.4","74.6","74.9","75","71.8","70.9","70.3","70","69.7","70.4","68.3","67","67.3","66.4","65.8",
"제재 및 목재 가공업","가동률지수(원지수)","","87.942","79.867","105.642","113.164","110.288","116.372","121.681","118.142","116.15","118.252","127.434","112.611","96.792","92.257","121.681","111.615","109.292","123.119","110.177","123.783","112.389","116.04","120.133","116.925","108.407","107.633","126.106","118.031","125.664","130.199","112.832","112.721","126.327","105.752","127.765","124.668","107.412","88.274","115.929","111.394","115.155","115.487","120.686","111.283","101.991","128.872","118.031","98.451","91.372","71.35","98.009","104.093","99.336","92.699","94.801","87.058","74.668","104.314","98.451","100.332","87.6","86.5","105.1","107.1","100.5","104.3","99.7","86.1","91.6","106","115","110.6","95.3","90","120.9","133.3","133.8","140.5","122.4","101.6","98.8","115","128.6","119.5","111.4","109.1","130.7","125.4","119.3","101.3","99.3","95.8","89.5","108.4","119.8","92.3","78.5","80","97.8","92.3","95.9","98.8","83.4","79","79.1","82.9","87.9","77.5","82.3","78.5","81.2","85.5","84.8","83.3","94.5","80.1","77.4","91.1","91.1","98.4","72.7","70.2","72.4","91.6","75.7","80","80.9","60.4","81.4","68.9","88.4","84.5","75.5","60.1","86.9","100","71.5","84.2","75",
"제재 및 목재 가공업","가동률지수(계절조정)","","97.352","99.284","99.218","106.566","107.642","109.233","119.331","127.693","119.975","105.395","120.815","113.667","109.932","111.426","114.271","108.225","106.63","115.544","110.973","126.264","117.878","103.126","110.42","113.486","129.017","123.157","118.449","114.184","122.44","122.177","113.185","115.831","115.475","116.709","117.218","128.612","116.652","109.84","108.724","107.558","112.01","111.762","120.86","115.278","112.938","115.135","108.177","101.442","98.197","88.588","94.802","97.193","90.427","89.615","91.731","90.966","83.508","93.309","90.299","103.317","101.4","95.1","98.5","106.5","94.3","97.4","96.3","97","90.9","104.8","108.9","110","103.7","110.9","113.7","123.6","129.7","127.1","117.7","111.8","108.6","110.7","117.7","118.6","123.6","130.7","127.3","115.5","108.4","97.9","98.4","102.8","98.9","101.6","109.2","88.5","89","89.9","92.4","87.5","93.1","92.3","82.6","85.2","86.1","82.1","79.8","79.3","85.5","92.4","79.4","81.1","79.6","80.3","90.6","86.9","88.5","86.4","82.6","100.8","84.7","77.7","73.3","84.3","71","79.7","77.5","67.9","77","74.3","82.7","84","77.8","72.4","85.3","91.8","69.4","81.2","74.1",
"나무제품 제조업","생산능력지수","","98.308","98.706","98.507","97.91","97.313","99.403","99.502","99.9","99.701","100.398","101.294","103.085","100","98.308","99.502","99.005","98.806","98.01","99.303","100.597","99.403","101.493","101.393","101.294","103.483","101.791","102.587","103.98","102.388","103.483","102.687","103.781","103.085","102.289","104.378","105.373","103.383","102.488","101.194","100.199","99.9","100","97.015","97.114","97.711","97.612","97.711","97.413","99.303","98.905","98.706","98.308","99.104","99.204","98.308","99.204","98.905","99.104","99.204","97.313","99.4","99.5","98.9","99.7","99.1","99.2","100.1","100.4","100.2","101.2","101.1","101.1","100.1","99.7","98.8","94.4","94.4","94.1","90.1","90.1","89.8","90.2","90.6","90.5","88.2","88.4","87.7","85.9","85.7","82.2","83","83.2","83","82.9","83.2","83.6","83.8","84.5","84.9","83.9","82.3","82.9","83","82.9","83.1","80.1","80.4","80.9","81.1","79.7","78.8","79.1","77.5","78.2","78.1","78.8","78.1","77.7","78.1","78.7","78.8","78.7","77.9","74.9","74.8","75.2","75","75.6","75.5","74.8","74.7","75","74.3","74.1","73.8","73.2","71.5","72.3","72.7",
"나무제품 제조업","가동률지수(원지수)","","105.094","97.785","114.286","114.175","110.299","116.279","117.386","105.98","107.752","117.94","110.188","111.739","104.873","101.44","111.628","111.628","111.517","115.615","113.732","105.759","105.316","112.846","115.393","119.048","108.749","109.856","116.39","113.953","114.95","120.155","117.608","111.296","117.829","105.094","116.058","110.52","104.43","95.127","110.188","107.087","107.973","106.312","110.631","106.423","102.879","110.299","112.071","109.192","107.53","93.909","111.185","103.322","100.886","94.02","103.101","94.131","93.577","104.319","106.645","106.091","96.7","96.9","106.9","102.7","89.5","101.5","99.7","95.7","101","98.9","103.8","106.6","97.7","92.5","111.8","103.4","106","108.7","113.4","103","102.9","112","119.4","115.9","103.6","98.8","108.8","104.6","109","103.8","110","104.5","100.5","101.3","106.7","100.9","87","89.6","97.2","89.8","90.6","89.1","85.5","86.5","91.9","94.7","96.4","93.9","99.1","92.4","94.5","93.8","93.9","89.6","91","86.9","83.7","93.3","90.2","89.7","81.3","84.2","89.8","96.9","94.1","91.9","93.2","83.6","87.9","78.7","84.7","85.2","86.2","76.2","94.9","97.7","90.8","92","88.3",
"나무제품 제조업","가동률지수(계절조정)","","108.421","112.773","111.136","110.438","107.696","113.396","112.055","111.268","113.499","113.463","107.073","108.022","109.324","114.544","108.065","110.145","109.613","113.048","110.327","107.927","110.681","108.735","110.173","113.091","120.754","115.16","112.347","112.893","113.516","117.847","114.197","113.917","113.358","114.207","110.723","108.442","106.059","107.934","105.928","106.541","107.085","106.291","107.578","109.278","109.509","106.249","107.001","107.108","108.602","106.111","108.343","101.467","97.064","94.3","98.876","96.806","99.433","100.419","101.908","104.005","105.8","98.8","102.2","104.5","87.6","100.4","95.9","101.8","99.9","100.3","100.9","102.8","99.4","104.2","106.7","101.9","105.6","105.9","109.3","107.7","107.5","111.2","114.2","111.9","108.8","107.6","105.4","103.2","105.1","104.6","107.9","107.4","105","98.9","102.1","95.9","94.3","92.7","92.6","90","90.2","88.3","83.9","88.9","95.1","94.9","92.3","92.3","98.6","102.3","91.5","94.1","91.9","90.2","88.1","89.4","89","90.9","86.5","88.4","89","87.4","88.4","95.6","92","93.9","90.3","87.4","83.8","82.7","82.7","82.7","85.5","85.7","92","96.3","90.3","92.3","87",
"펄프, 종이 및 종이제품 제조업","생산능력지수","","98.806","100.398","99.005","99.104","99.701","99.801","99.005","100.1","97.512","99.204","100.796","100.597","99.005","98.607","98.109","98.308","98.806","99.9","98.109","97.512","98.905","97.015","97.512","97.214","97.313","97.711","96.915","98.209","96.219","97.015","97.313","97.811","97.114","96.318","96.716","96.716","94.925","94.826","97.214","96.517","96.318","97.214","96.716","97.015","98.109","97.313","98.308","97.711","97.711","97.114","96.418","96.418","96.418","96.716","99.005","100.299","99.801","99.005","99.403","99.502","99.5","100.4","100.1","99.5","99.2","100.5","100.7","100.9","101.2","99.3","99.2","99.6","99.1","99.4","97.2","95.4","95.8","95.7","95.3","95.2","94.5","93.7","94","93.2","96","95.5","94.7","95.1","94.9","94.5","93.1","93.4","93.2","92.7","92.6","93.6","94.4","94.2","94.5","94.2","94","94.1","94.2","95.1","95.2","95.2","95.5","95.8","95.6","95.3","94.9","94.6","94.9","94.7","94.2","92.9","92.3","91.9","92.7","92.8","91.9","92","93.4","92.6","92.5","92.5","93.4","93.6","93.5","93.2","93.6","94","93","91.9","91.6","90.9","91.1","91.2","91.3",
"펄프, 종이 및 종이제품 제조업","가동률지수(원지수)","","109.65","94.804","110.71","107.317","104.348","103.393","106.363","101.803","106.045","112.725","107.317","108.271","109.332","97.243","112.513","108.59","107.105","103.499","103.606","107.423","104.348","111.453","108.484","108.802","103.712","102.545","113.362","103.924","106.363","103.499","103.712","104.348","112.937","100.742","107.105","105.302","111.453","94.804","110.923","104.984","108.271","104.772","106.469","104.772","100.212","111.983","110.074","105.196","110.71","90.138","105.302","102.757","104.772","100.106","105.938","100.742","96.394","105.938","104.984","104.984","101.1","98.6","107.1","99.1","94","95.3","99","93.1","102.7","99.8","101.6","108.5","105.1","95.8","111.8","108","104.7","107.3","107.4","103.9","101.7","110.2","112.8","117","110.1","99.7","115.2","110.2","112.9","107.4","109.9","112.3","107.6","110.9","115.4","109.4","103.5","98.6","110.2","101.5","105.5","106.1","103.4","105.5","103.1","106.6","109","104.6","113.7","98.6","109","111","111.7","105.3","112.3","108.9","103.6","114.7","108.3","111.1","105.4","106.8","106.7","112.7","108.4","105.6","109.5","104.3","115.7","101.8","108.3","111.3","111.9","98.6","115.9","115.8","111.4","116.4","115.9",
"펄프, 종이 및 종이제품 제조업","가동률지수(계절조정)","","104.906","108.139","105.823","105.891","104.448","104.003","104.327","105.84","109.058","107.001","107.192","105.795","106.269","109.048","107.562","108.852","107.212","104.215","103.3","108.309","107.865","105.487","106.533","104.365","106.687","108.533","108.425","104.205","106.417","104.315","103.489","105.278","105.749","108.713","105.064","103.978","106.5","107.968","106.122","105.33","108.267","107.33","106.327","105.755","105.425","106.14","107.88","103.69","105.967","102.358","102.408","101.557","101.495","102.598","104.18","101.705","101.576","100.411","102.821","103.352","103.9","102.6","102.5","101","92.5","96.1","97.4","97","100.3","100.7","101","105","101.6","109.2","107.3","106.7","104.6","106.5","105.7","106.5","105.6","108","110.3","113.1","109.8","110.4","112.6","108.7","109.4","110","110","113.1","111.6","107","112.7","103.8","106.3","104.1","106","101.8","105.8","106.9","103.4","106.2","105.7","105.9","106.6","102.5","108.1","110.5","106.6","111.3","110.2","107.9","110.5","109.7","109.5","110.9","105.9","108.8","109.6","113","106.1","111.1","106.9","110","107.9","106.8","108.1","107.6","107.5","107.4","106.3","112.1","113.4","114.1","111.8","119.3","116.1",
"펄프, 종이 및 판지 제조업","생산능력지수","","90.343","90.975","89.801","89.26","88.989","90.433","90.162","90.614","89.982","90.162","91.155","91.245","90.433","90.614","90.794","92.148","90.884","91.516","90.614","90.794","90.162","90.614","90.884","92.238","92.058","93.592","92.148","93.321","92.329","93.682","93.773","94.946","94.856","91.787","93.321","92.148","92.599","92.69","99.007","97.653","98.105","99.91","98.014","98.014","97.924","97.744","99.91","98.105","98.917","99.007","98.014","98.195","98.285","98.917","99.368","100.181","100","99.458","99.91","99.819","99.6","100.1","98.9","98.4","98.7","100.3","100.5","101.6","101.9","100.2","99.4","100.5","100.4","101.2","97.2","95.4","95.9","96.8","95.5","95.9","97.1","94.8","95.5","96.4","98.4","98.2","97.6","96.8","96.3","96.2","96.3","96.2","97.2","97.8","98","99.8","98.5","98.1","98.4","98.6","99.3","100.3","101.2","101.9","103","101.8","102.4","102.9","101.6","102","101.3","101","101.3","101.4","100.7","97.7","97.3","97.4","98.9","99.1","96","96.5","99.1","97.5","98.4","98.4","99.8","99.6","99.6","99.9","99.9","100.5","99","98.6","96.4","95.8","95.8","96.3","96.4",
"펄프, 종이 및 판지 제조업","가동률지수(원지수)","","115.265","101.659","118.473","114.159","113.053","106.858","109.181","105.088","106.305","114.712","110.177","112.5","115.044","103.872","117.92","112.832","115.265","107.522","106.858","107.08","105.642","113.606","110.177","112.721","107.965","103.65","116.593","111.726","112.942","106.195","113.496","106.416","109.624","110.288","110.066","111.947","109.956","98.673","118.805","109.513","112.611","111.394","112.389","108.628","106.416","114.491","113.274","114.159","115.044","98.009","114.27","104.535","109.735","107.19","108.075","103.982","97.898","106.527","106.305","109.071","105","100.5","108.6","101.3","93.4","91.2","96.5","92.7","100.8","100","102.4","107.5","105.6","97.2","111.2","109.8","110.7","110.1","112","104.6","101.5","115.2","113.1","115.6","110","99.6","111.2","106.8","113.6","107.5","111.2","111.4","103","109.2","111.7","103.5","101.6","94.8","105.9","97.8","99.5","97.7","100.8","97.9","94.1","99.9","100.4","102.3","109","95.2","107.7","107.1","109","103.1","110.1","104.8","101","111.1","104.8","109.6","107.6","106","106","109.2","106.8","105.5","108.1","104.3","108.8","101.7","108.5","110.1","112.1","101.4","118.4","115.5","117.4","118.7","117.6",
"펄프, 종이 및 판지 제조업","가동률지수(계절조정)","","110.267","112.251","112.433","113.24","111.219","107.995","107.478","109.4","110.861","112.283","110.498","109.141","110.781","113.806","111.962","112.63","113.528","108.765","105.761","110.162","111.369","110.124","109.541","108.525","108.622","108.745","110.871","111.593","111.262","107.499","112.32","109.535","109.007","114.731","109.137","108.94","105.106","109.13","113.06","109.546","110.947","113.453","111.214","111.754","113.023","110.873","112.051","111.017","110.603","107.803","109.556","104.17","106.825","109.204","106.169","106.854","104.252","102.967","105.001","106.1","105.9","104.7","103.7","102.4","91.6","92.3","94.7","96.3","102.6","100.6","101.7","103.9","101","107.8","106.4","109.6","109.5","110.6","109.8","107.8","107.5","112.8","111.5","111.8","107.9","107.6","107.3","106.6","111.2","109.2","109.6","113.9","109.1","106.4","110.1","99.6","102.1","99.1","101.8","98.1","98.6","98.7","99.3","100","98","99.5","99","99.7","103.3","104.8","104.4","107.4","107.4","104.8","107.8","106.9","107.7","108.1","103.3","107","107.7","111.8","103.5","108.7","105.4","108","105.8","106.9","107.8","105.2","107.6","107","106.1","112.2","114.9","114.9","116.6","120.8","115.9",
"골판지, 종이 상자 및 종이 용기 제조업","생산능력지수","","101.523","102.234","101.726","101.421","101.929","101.32","101.523","101.421","101.523","101.827","101.117","100.609","100.914","101.421","101.929","101.523","101.421","102.132","97.766","100","99.797","96.447","95.228","94.721","95.635","95.533","96.142","95.33","94.01","93.807","93.807","93.299","93.706","92.69","93.096","93.299","91.777","92.183","91.878","91.269","90.964","91.168","91.878","91.269","91.371","92.487","92.893","92.69","94.01","93.604","92.69","93.401","93.096","93.299","98.782","99.086","98.985","98.477","98.376","98.376","99.6","101.3","101","100.6","100.6","100.3","100.7","100.4","100.9","97.7","98.3","98.6","97.1","97","96.8","93.3","92.7","92.9","92.6","92.9","90","90.5","90.2","90.5","89.7","88.5","88.5","88","88","88.1","87.2","87","87.1","87.1","86.4","86.4","86.8","87.1","87.1","87","86.9","86.4","86.4","86.4","86.4","87.6","87.6","87.7","87.9","86.6","86.7","86.3","86.4","86","86","84.6","84.6","83.5","83.5","83.5","83.4","83.3","83.3","83.7","83.6","83.5","83.7","83.7","83.7","83.3","85.2","85.1","84.9","84.9","85","81.9","81.7","81.7","82.1",
"골판지, 종이 상자 및 종이 용기 제조업","가동률지수(원지수)","","101.292","84.99","99.205","101.491","94.831","101.491","100.298","96.521","103.479","107.256","100.298","101.69","100.596","87.177","101.789","99.602","101.988","102.087","103.678","107.853","105.268","108.748","108.847","105.964","99.702","96.123","107.952","100.895","102.286","103.678","99.006","107.157","119.384","96.421","110.04","103.28","113.618","93.936","108.748","105.268","109.245","103.181","107.753","106.262","98.708","112.425","108.748","102.982","114.314","85.686","101.69","106.163","107.157","98.211","110.139","102.982","98.41","108.946","105.964","105.467","101.4","96.2","103.2","95.3","90.5","95.4","99.8","93.2","108.1","101.1","102.9","112.8","106.1","96.8","115.2","113.2","101.4","110.8","109.4","107.7","106.1","109.7","117.5","120.1","111.8","99.7","117","115.3","117.7","110.7","112.3","116.8","112.6","111.4","120.4","115.7","106.1","99.9","114.1","104.9","111","114.2","106","114","112.2","112.9","117.3","107.6","122","101.8","110.1","116.9","116.3","109.6","117.9","116.7","108.8","120.8","114.4","115.4","107.3","109.6","109.4","117.8","108.8","106.1","114.1","106.6","125.7","103.9","108.3","115.4","115.3","97.5","115.3","118.4","111.4","120.6","118.6",
"골판지, 종이 상자 및 종이 용기 제조업","가동률지수(계절조정)","","96.736","102.61","97.376","99.248","95.882","100.286","96.273","99.755","104.527","99.492","100.733","99.786","98.631","102.258","99.853","100.049","103.221","101.127","102.533","105.697","106.438","100.964","106.294","100.683","104.028","105.66","105.835","101.308","103.604","102.982","98.162","105.14","104.337","109.546","107.396","103.117","108.164","112.85","106.552","105.636","110.752","105.62","107.076","104.396","102.794","104.459","106.124","102.356","108.665","102.82","102.322","103.642","102.99","100.776","106.75","101.284","102.564","101.257","103.367","104.396","105.4","102.6","101","98.2","89.5","95.5","97","96.9","100.4","102.7","103.1","108.3","103.5","115.9","112.6","110.5","103.1","108.1","106.5","108.9","107.8","107.7","114.5","114.9","112.5","115.6","117.3","112.6","113.4","114.2","112.5","115","114.5","106.5","117.3","107.4","110.1","109","111.4","105.3","113","114.7","106.4","112.3","113","112","114.3","105.2","115.6","118.3","110.3","117.3","115.4","113.3","115.1","115.1","113.9","115.4","111.5","112.5","114.3","119.7","112.6","115","108","112.8","111.6","108.1","110.2","112.4","108.5","109.3","109.2","116.3","115.4","115.6","113.8","124.8","119.2",
"기타 종이 및 판지 제품 제조업","생산능력지수","","111.162","115.376","112.415","113.895","115.945","114.92","112.187","115.945","106.72","112.642","117.882","117.654","112.415","110.251","107.403","106.378","110.478","112.642","112.87","107.403","113.895","110.364","113.326","110.592","110.023","109.681","107.973","112.187","107.403","108.77","109.909","110.364","107.289","110.364","109.112","110.592","105.011","103.759","104.214","104.214","103.075","103.645","103.645","105.695","110.023","105.467","105.467","106.492","102.506","100.683","100.683","99.203","99.431","99.317","99.089","102.847","101.253","99.658","101.025","100.911","99.3","99.2","100.6","99.3","97.5","101.3","100.9","100.7","100.4","100.7","100.5","99.6","100.5","100.4","97.8","99.2","101","98.9","99.9","98","97.7","97.3","98.3","92.3","104.1","104.5","101.8","105.5","105.5","103.6","99.3","101","98.5","95.5","96.2","97.9","102.7","101.5","102.7","100.7","98","97.8","96.8","100","98.5","97.9","98.7","98.8","99.8","100.1","99.4","99.3","100.1","99.6","98.6","101.8","99.1","99.2","100.3","100.3","101.6","101.1","103.5","101.8","99.4","99.7","101.6","103.3","102.7","101.4","98.9","100.2","98.1","93.5","95.9","100.1","101.5","101.1","100.5",
"기타 종이 및 판지 제품 제조업","가동률지수(원지수)","","110.874","96.375","113.006","103.945","102.985","99.574","108.316","102.559","107.036","115.032","110.448","109.062","111.194","99.36","116.738","112.473","101.493","98.614","97.761","105.757","100.107","110.341","103.945","105.437","101.599","107.783","114.072","95.522","101.066","98.614","94.883","97.228","108.955","91.684","98.294","97.335","109.595","89.232","100.959","96.588","99.041","95.842","94.563","95.949","92.217","106.61","105.97","93.923","96.695","84.222","96.055","93.817","91.791","91.045","94.776","91.151","90.512","99.574","100.959","96.908","93","99.5","111.2","102","101.7","103.1","102.1","93.9","96.3","97.1","97.7","102.4","102","90.9","106.4","94.5","98.9","95.2","94.9","95.3","93.7","101.4","103.3","113.7","106","99.2","117.5","105","101.9","100.2","102.7","104.3","104.5","111.8","110.8","105.7","101.3","102.7","109.5","101","105.4","104.7","102.3","101.6","101.1","105.7","108","102.1","105.3","97.2","106.7","105.4","106","99.2","103.2","99.8","96.2","107.9","101.2","103","96.5","100.9","100.9","107.4","107.7","102.6","101.5","97.8","107.5","96","105.5","103.7","103.4","93.9","110.6","109.2","99.6","103","105.7",
"기타 종이 및 판지 제품 제조업","가동률지수(계절조정)","","106.528","105.523","104.308","103.275","104.643","102.736","110.041","107.723","111.033","107.536","108.343","107.232","108.283","107.378","107.843","113.231","102.703","101.566","100.504","108.33","104.047","103.469","100.732","102.315","106.333","108.379","105.42","96.262","101.833","101.367","97.465","99.583","103.816","96.66","95.349","96.839","105.466","97.527","93.388","97.444","99.337","99.47","97.117","98.344","97.296","100.698","102.845","93.574","93.025","91.935","90.131","93.418","89.442","94.21","96.079","93.513","95.625","94.345","98.01","96.662","97.3","98.6","103.3","104","99.9","105","103.5","98.9","95.7","97.1","96","100.9","99.4","99.1","99","93.8","98.2","95.5","96.1","99.2","98.1","99.2","100.1","112","107.1","104.5","111","104","98.4","102.8","105.3","107.4","109.3","108.4","107.3","102.9","106.1","103.1","102.2","101.2","104.2","105.8","104.7","104.7","104.9","105","104.6","101.9","101.4","104.8","101.1","105.5","103.4","101.3","104.4","102.8","101.8","105.2","98.1","102.8","102.3","101.2","96.9","106","105","105.9","102.7","102","102.6","101.1","103.5","102.3","99.5","102.4","105.1","107.7","98.3","104.8","108.4",
"코크스, 연탄 및 석유정제품 제조업","생산능력지수","","91.491","91.491","91.491","91.491","91.491","91.491","91.491","91.491","91.491","91.491","91.491","91.491","93.138","93.138","93.138","93.138","93.138","93.138","93.138","93.138","93.138","94.602","96.249","96.249","96.706","96.706","96.706","96.706","96.706","96.706","96.706","96.889","97.347","97.347","97.347","97.347","96.889","96.889","96.889","96.889","96.889","96.889","96.798","96.798","97.896","97.987","97.987","97.987","97.896","97.713","97.713","97.713","97.713","97.804","97.804","97.804","97.804","97.804","97.804","97.804","100","100","100","100","100","100","100","99.8","100.1","100.1","100.1","100.1","101.3","101.7","101.7","101.7","101.7","101.7","101.7","101.7","101.7","101.7","101.7","101.7","101.7","101.7","101.7","101.7","101.7","101.8","101.8","101.7","101.7","101.7","101.6","101.7","101.8","101.8","101.8","101.8","101.8","101.8","101.8","101.8","101.8","101.8","101.8","101.8","101.8","101.8","101.8","101.8","101.8","101.8","101.8","101.8","101.8","101.8","101.8","101.8","101.8","101.8","101.8","101.8","101.8","101.8","101.7","101.7","101.7","101.7","101.7","101.7","101.7","101.7","101.7","101.7","101.7","101.7","101.7",
"코크스, 연탄 및 석유정제품 제조업","가동률지수(원지수)","","108.568","99.791","103.762","96.134","98.328","105.747","107.001","105.434","101.358","108.046","104.807","115.152","111.39","106.374","111.703","102.09","107.837","102.821","107.315","108.464","108.255","110.867","112.853","119.122","117.032","107.001","113.898","105.12","112.957","103.135","116.614","111.285","104.807","117.032","117.45","118.809","120.376","109.509","103.344","108.046","117.137","113.062","117.659","112.539","109.195","119.54","115.465","117.973","117.764","107.21","108.568","112.121","107.001","106.479","112.748","114.211","109.927","107.001","111.39","117.868","111","101","109.2","93.2","95.4","94.9","102.8","100.1","94.2","97.8","97.5","102.9","99.2","94.6","98","99.4","102.9","96.3","101.9","105.7","99.8","105.1","104","110.5","103.4","95.8","104.1","101.9","100.5","100","110.3","109.9","101.3","104.3","104.4","103.8","104.6","96.2","105.2","100.9","113.6","94.4","100.5","94.5","101.2","111.3","108","109.8","110.9","102.8","103.9","102.6","108.5","100.1","104.6","109.3","102.7","104.1","105.3","107.4","106.9","98.3","95.9","100.4","105.8","102.8","110.5","109.3","105.5","105.5","105.4","112.6","113.7","103.6","102.5","79.9","90.3","92.2","103.1",
"코크스, 연탄 및 석유정제품 제조업","가동률지수(계절조정)","","104.323","104.564","102.233","100.655","98.301","109.594","104.946","105.12","103.668","106.621","104.055","109.706","107.593","110.983","110.469","107.181","107.553","106.663","105.53","107.013","110.794","109.505","111.67","113.034","112.073","112.927","112.938","110.249","112.455","107.138","114.614","109.312","108.352","115.386","116.192","113.375","116.588","114.777","102.631","113.06","116.501","117.996","115.754","110.067","112.349","118.019","114.268","112.477","114.376","112.556","108.318","116.674","105.649","111.217","110.718","111.317","113.071","105.568","110.257","112.34","107.1","106.7","108.9","97.4","94.6","98.8","101","97.9","96.8","96.1","96.9","97.6","96.8","99.5","98.1","102.8","102.4","100.1","100.3","102.9","102.3","104.5","103","104.9","100.5","101.4","104.8","105","99.5","104.7","108.9","106.4","103.8","103.6","103.5","98.2","101.4","102.2","105.6","104.1","113.1","98.6","99.1","91.3","103.8","110.9","107.2","104.6","108.4","108","104.8","105.6","107.8","105","102.9","105.4","105.4","103.4","104.2","102.2","104.1","104.5","97.2","102.9","104.9","108.1","108.7","105.6","108.8","103.8","104.7","106.9","111.2","109.3","103.5","82.1","90","96.5","101.8",
"코크스 및 연탄 제조업","생산능력지수","","126.582","126.582","126.582","126.582","126.582","126.582","126.582","126.582","126.582","126.582","126.582","126.582","126.582","126.582","126.582","126.582","126.582","126.582","124.684","124.684","124.684","124.684","124.684","124.684","124.684","124.684","124.684","124.684","124.684","124.684","124.684","124.684","124.684","124.684","124.684","124.684","115.316","115.316","115.316","115.316","115.316","115.316","112.405","112.405","110.38","110.38","110.38","110.38","110.633","104.177","104.177","104.177","104.177","104.177","104.177","104.177","104.177","104.177","104.177","104.177","103.4","103.4","103.1","103.1","103.1","103.1","103.1","95.5","95.5","95.5","95.5","95.5","94.9","94.9","94.9","94.9","94.9","94.9","91.1","91.1","91.1","91.1","91.1","91.1","91.6","91.6","91.6","91.6","91.6","96.1","96.1","89.7","89.7","89.7","89.7","89.7","90.8","90.8","90.8","90.8","90.8","90.8","90.8","90.8","90.8","90.8","90.8","90.5","90.4","90.4","90.4","90.4","90.4","90.4","90.4","90.4","90.4","90.4","90.4","90.4","90","90","90","90","90","90","82","82","82","82","82","82","78.8","78.8","78.8","78.8","78.7","78.7","78.7",
"코크스 및 연탄 제조업","가동률지수(원지수)","","227.586","159.914","126.724","71.695","39.943","35.345","28.161","42.098","119.253","282.615","310.201","280.603","194.54","170.402","105.029","51.868","37.356","32.615","28.736","60.057","117.672","238.075","303.017","232.471","157.184","139.943","95.402","50.862","31.034","26.149","17.385","30.316","140.805","216.667","295.833","169.397","145.115","123.707","94.684","72.126","62.644","56.897","55.316","60.776","108.333","214.224","211.063","158.19","131.178","101.293","91.954","80.747","71.408","65.948","66.523","71.264","101.868","153.592","179.885","140.374","115.4","100.3","93.3","75.5","61.2","57.7","60.6","65.6","95","164.8","150.7","159.9","119.4","95.5","88.4","76.4","67.9","64.2","67.9","69.7","90.4","147","152.9","152.3","106.9","88.1","85.7","76.1","72.2","68.3","73","74.2","80.9","115","120.7","119","96.5","86.9","85.1","74.3","73.8","70.3","71.8","73.3","79.2","113.2","116.3","107.6","103.4","84.9","80.1","66.2","60.3","60.1","62.2","65.6","73","115","119.3","108.4","92.5","83.4","79.4","66.6","61.7","61.5","63.4","64.3","73.3","109","128.4","114.7","103.8","85.6","86.4","79.4","68.6","60.5","62.1",
"코크스 및 연탄 제조업","가동률지수(계절조정)","","179.467","163.062","140.984","101.208","65.927","63.51","47.767","67.063","127.658","171.077","183.844","186.143","155.12","172.481","117.135","74.202","62.311","58.806","49.267","93.854","126.346","143.776","176.907","152.925","128.81","138.677","106.446","72.825","52.041","46.935","29.649","47.125","154.017","131.002","172.42","113.574","116","126.626","105.456","103.153","104.961","102.024","93.307","93.772","118.022","129.631","123.302","106.309","105.543","103.85","102.98","114.294","117.105","116.877","109.768","109.009","111.257","93.337","105.514","94.526","96.4","99","103.3","108.4","100.6","100.1","98.5","101.1","103.8","100","89.6","107","98.2","98.1","97.6","107.3","111.9","109","108.7","105.7","98.1","91.9","90.6","102.4","89.4","89.6","95.2","106.3","116.1","116.1","116","110.4","87.7","71.9","71.9","79.8","82","86.8","93.5","103.8","119.9","116.4","112.3","107.9","86.8","71.1","69.7","73.9","85.6","87","88.6","91.8","96.3","98.5","95","95.5","79.5","73.1","72.1","74.9","80.1","83.9","88.3","90.9","97.4","99.9","95.2","93.4","80.8","67.9","78.9","79","86.8","89","94.9","107.5","108.1","95.9","92.7",
"석유 정제품 제조업","생산능력지수","","90.58","90.58","90.58","90.58","90.58","90.58","90.58","90.58","90.58","90.58","90.58","90.58","92.301","92.301","92.301","92.301","92.301","92.301","92.301","92.301","92.391","93.841","95.562","95.562","96.014","96.014","96.014","96.014","96.014","96.014","96.014","96.196","96.739","96.739","96.739","96.739","96.467","96.467","96.467","96.467","96.467","96.467","96.467","96.467","97.645","97.736","97.736","97.736","97.645","97.645","97.645","97.645","97.645","97.736","97.736","97.736","97.736","97.736","97.736","97.736","99.9","99.9","99.9","99.9","99.9","99.9","99.9","99.9","100.2","100.2","100.2","100.2","101.4","101.9","101.9","101.9","101.9","101.9","101.9","101.9","101.9","101.9","101.9","101.9","101.9","101.9","101.9","101.9","101.9","101.9","101.9","101.9","101.9","101.9","101.9","101.9","102","102","102","102","102","102","102","102","102","102","102","102","102","102","102","102","102","102","102","102","102","102","102","102","102","102","102","102","102","102","102","102","102","102","102","102","102","102","102","102","102","102","102",
"석유 정제품 제조업","가동률지수(원지수)","","105.699","98.342","103.316","96.788","99.896","107.565","109.119","107.047","101.036","103.731","99.793","111.088","109.43","104.87","112.021","103.42","109.741","104.767","109.326","109.741","108.187","107.772","108.29","116.373","116.269","106.425","114.197","106.114","114.404","104.56","118.446","112.746","104.145","115.233","114.197","117.927","119.793","109.223","103.523","108.808","118.342","114.197","118.964","113.575","109.223","117.513","113.368","117.098","117.409","107.254","108.808","112.746","107.668","107.254","113.679","115.026","110.052","106.01","109.948","117.306","110.9","101.1","109.5","93.5","95.9","95.4","103.4","100.6","94.2","96.8","96.8","102","98.9","94.6","98.2","99.7","103.4","96.7","102.3","106.3","99.9","104.5","103.3","109.9","103.3","95.9","104.4","102.2","100.9","100.5","110.8","110.4","101.6","104.2","104.2","103.6","104.7","96.3","105.5","101.3","114","94.7","100.8","94.7","101.5","111.3","107.9","109.9","111","103","104.2","103.1","109.2","100.7","105.2","109.9","103.1","103.9","105","107.4","107.1","98.5","96.2","100.8","106.3","103.4","111.1","109.9","105.9","105.5","105.1","112.6","113.9","103.9","102.7","80","90.6","92.6","103.6",
"석유 정제품 제조업","가동률지수(계절조정)","","101.882","103.087","101.627","100.966","99.303","110.805","106.38","106.152","103.273","103.299","100.053","106.501","106.019","109.463","110.604","108.162","108.819","108.023","106.85","107.703","110.65","107.43","108.236","111.127","111.62","112.423","113.054","110.864","113.23","107.966","115.707","110.165","107.582","114.656","114.117","113.225","116.373","114.517","102.65","113.418","117.013","118.466","116.338","110.499","112.288","117.082","113.323","112.322","114.367","112.642","108.387","116.88","105.707","111.367","110.988","111.53","113.105","105.537","109.915","112.478","107.2","106.8","109","97.3","94.5","98.8","101.1","97.9","96.8","96","97","97.5","96.8","99.6","98.1","102.7","102.2","100","100.1","102.9","102.3","104.7","103.2","104.9","100.6","101.6","104.9","105","99.2","104.6","108.8","106.3","104","104.1","103.9","98.5","101.6","102.4","105.8","104.1","113.1","98.4","99","91.1","104","111.4","107.6","105","108.7","108.3","105","105.8","108","105.1","103","105.5","105.8","103.8","104.6","102.5","104.4","104.8","97.3","103.1","105.1","108.2","108.9","105.8","109.1","104.2","105","107.2","111.5","109.5","103.7","81.9","89.8","96.6","102",
"화학 물질 및 화학제품 제조업; 의약품 제외","생산능력지수","","89.238","89.327","89.238","89.238","89.238","89.327","89.955","89.955","90.135","90.135","90.224","90.135","90.135","89.955","90.135","90.224","90.314","90.493","90.404","91.211","91.48","92.287","92.646","92.646","93.632","93.722","93.991","94.081","94.35","94.35","94.619","94.619","94.529","94.709","95.157","95.247","95.874","96.054","96.054","96.143","96.323","96.323","96.413","96.771","96.771","96.682","96.861","96.771","97.758","97.848","97.848","98.206","98.027","98.296","98.296","98.296","98.386","98.655","98.744","98.834","99","99.3","98.5","99.2","99.5","99.5","99.8","99.7","101.1","100.8","101.2","102.2","100.5","100.1","100.5","100.6","100.3","100.8","100.7","101.3","101.3","101","101.3","101.4","101.6","101.5","101.4","101.1","101.4","100.4","99.7","99.5","99.5","99.5","99.7","99.8","99","98.9","98.5","98.6","99.2","98.7","99.2","99.5","99.6","99.6","99.9","99.2","98.9","98.9","98.8","98.8","98.8","98.8","98.8","98.8","99.1","99.1","99","99","97.8","97.8","97.7","97.7","97.7","97.2","97.2","97.2","96.9","97.9","96.7","96.9","96.1","95.6","95.6","95.7","95.6","95.4","95.5",
"화학 물질 및 화학제품 제조업; 의약품 제외","가동률지수(원지수)","","107.135","95.76","106.515","102.172","101.344","104.343","105.584","100.931","103.516","104.033","102.585","106.929","105.067","98.862","109.928","101.758","107.342","107.239","108.17","105.584","102.275","103.309","107.032","109.204","108.687","101.655","111.065","104.447","107.756","104.757","107.135","107.756","108.687","105.377","106.101","106.722","109.721","97.725","108.997","106.205","109.204","105.067","106.618","105.274","100.827","101.448","98.862","101.655","107.963","93.175","102.172","98.449","100.103","94.519","104.55","99.483","98.035","98.656","98.035","102.172","97.4","95.3","101.7","105.2","96.5","97.2","96.9","98.4","104.7","102.8","98.3","105.6","106.6","104.4","114.8","106.8","105.7","109.1","106.8","104.9","106","98.1","99.8","115.3","113.4","101.9","113.1","105","101.3","95.4","93.8","88.5","85.8","85.2","83.5","87.2","89.4","87.7","95.2","88.7","86.4","86.4","87.9","85","85.1","82.7","85.9","88.9","92.2","83.2","89.3","91.1","91.2","87.9","91","88.1","86.3","88.2","87","87.6","86.5","84.4","90.1","88.7","86.5","85.6","89.9","85.3","90","80.8","83.3","90.5","92.8","81.8","89.9","86.2","83.6","85.6","87.1",
"화학 물질 및 화학제품 제조업; 의약품 제외","가동률지수(계절조정)","","103.678","104.395","101.715","100.355","99.406","102.904","102.795","104.166","105.347","104.625","105.187","106.415","102.926","106.038","104.946","101.504","105.479","105.999","106.886","106.126","104.277","103.694","108.23","106.825","109.292","105.799","106.007","104.347","106.061","103.731","106.004","108.404","106.166","113.22","107.354","107.062","105.336","106.149","104.006","106.175","107.695","105.653","105.574","105.989","103.82","102.069","100.099","101.808","103.681","100.885","98.792","97.075","96.145","95.212","102.2","100.231","100.981","99.178","99.383","102.233","96.7","97.6","96.9","106.8","94","96.5","94.7","101.9","103.4","106.4","100.9","104.1","103.3","113.5","109.3","105.1","104.5","106.9","104.4","107.1","107.6","101.5","101.3","113.8","111.5","108.7","109.2","103.4","97.8","96.5","92.9","89.1","87","87.3","85.4","84.6","88.9","90.7","90.6","88.5","85.8","86.3","86.8","85.7","85.8","85.9","88","88.4","87.7","88.9","86","90.8","89.2","88.7","88.8","88.8","88.7","90.1","88.7","87.1","87.5","87.2","88","86.9","84.6","87.7","87.7","87.7","87.2","85.2","86.2","88.9","88.3","88.8","86.5","84.4","83","86.3","86.2",
"기초 화학물질 제조업","생산능력지수","","92.1","92.1","92.1","92.1","92.1","92.193","93.494","93.68","93.866","93.866","93.866","93.866","93.68","93.587","93.68","93.959","93.959","94.424","94.424","94.61","94.61","95.074","95.818","95.818","95.911","96.283","96.561","96.561","96.561","96.84","97.491","97.491","97.491","97.77","97.677","98.048","98.885","99.071","99.071","99.071","99.257","99.257","99.257","100","99.907","99.814","100.186","100.186","100.651","100.836","100.836","101.487","101.115","101.952","102.045","102.045","102.416","102.416","102.416","102.602","101.8","101.8","99.8","99.5","99.5","99.6","99.6","99.2","99.2","99.3","99.2","101.6","101.8","100.5","100.7","100.7","100.7","100.7","101.3","102.2","102.4","102.4","102.6","102.7","102","102","102","101.9","101.9","101.9","101.9","101.9","101.9","101.9","102","102","101.9","101.9","102","102","102.1","102","102","102","102","102","102","102","102","101.9","101.9","101.9","102","102.1","102.1","102.2","103.5","103.5","103.3","103.3","103","103","103","103","103","103","103","103","103","103","102.9","102.9","102.6","102.4","102.4","102.8","102.8","102.3","102.3",
"기초 화학물질 제조업","가동률지수(원지수)","","113.276","102.034","107.281","102.355","103.961","105.889","108.351","108.03","108.351","107.173","106.745","111.456","109.743","104.604","113.276","104.497","112.099","109.208","113.704","113.812","108.137","106.531","109.743","116.595","118.094","107.923","116.274","109.957","112.848","107.388","114.026","115.203","114.24","115.953","110.707","118.308","117.452","104.604","112.42","111.563","115.525","111.884","114.347","112.634","110.493","107.173","101.285","109.957","113.919","102.034","108.779","102.677","102.998","99.679","112.099","111.563","109.85","103.747","100.964","111.349","113.5","106.7","105","94.4","93.2","91.8","101.4","103.6","103.8","100.8","86.1","99.8","103.9","100","108.7","104.8","103.7","102.8","110.2","110.9","105.7","101.1","94.5","107.8","109.1","96.8","107.5","100.2","99.3","96.7","101.7","98.4","90.2","91.2","85.6","95.2","99.9","92.1","99","94","94.9","91.7","96.8","93.9","94.2","88.1","90","97","100.8","91.1","96.7","97.5","98.6","95.8","101.4","102.7","97","96.4","92.7","99.4","97.2","86.5","92.7","91.7","95.8","93.1","95.4","97.7","93.6","93","86.8","96.7","101.2","91","93.4","84.7","84.1","85.2","95.1",
"기초 화학물질 제조업","가동률지수(계절조정)","","108.232","107.108","104.784","104.963","104.253","107.624","105.9","106.256","107.673","110.27","110.665","107.567","104.98","109.454","110.542","107.426","112.639","111.36","111.325","111.087","107.203","109.474","113.951","112.147","113.024","112.762","113.368","112.888","113.619","109.818","111.476","112.335","114.855","117.761","115.456","114.646","111.665","109.955","109.504","114.385","116.537","115.03","111.551","109.723","109.412","109.841","106.039","106.729","108.152","107.332","106.235","104.863","103.3","102.65","108.839","108.563","108.571","106.286","106.07","108.258","108.3","111.4","102.2","96.9","93.7","94.3","98.3","101.3","102.8","102.5","91.1","96.8","98.9","105.4","105.9","106.7","104.6","105.2","106.7","107.9","104","104.3","99.8","104.7","104","102","105.1","101.9","99.4","99.6","98.7","95.3","88.7","93.8","90.7","92.3","95.4","96.7","96.6","95.8","95.5","94.1","93.8","90.9","93","90.6","95.4","94.6","95.8","95.9","94.7","99.2","98.8","98.5","97.9","99.3","95.8","99.2","98.2","97.1","93.3","91","91.3","92.9","95.7","95.9","92.1","94.8","93.8","93.9","92.1","94.1","96.4","96.3","91.8","85.8","84.1","87.4","92.1",
"합성고무 및 플라스틱 물질 제조업","생산능력지수","","89.964","89.964","89.964","89.964","89.964","89.964","90.687","90.687","90.958","90.958","90.958","90.958","91.049","90.868","90.868","90.868","91.501","91.501","91.501","91.501","91.501","91.501","91.591","91.591","92.767","92.767","92.767","92.857","93.852","93.852","93.852","93.852","93.852","93.852","94.213","94.213","94.937","94.937","94.937","95.389","95.389","95.389","95.479","95.479","95.479","95.479","95.479","95.57","97.107","97.107","97.288","97.197","97.197","97.197","97.197","97.197","97.197","98.373","98.282","98.463","98.3","98.3","98","100.2","100.2","100.2","100.2","100.2","100.2","100.2","101.7","102.2","103","103","103.8","104.8","104.8","106.7","106.8","108.5","108.5","108.5","108.5","108.9","108.7","108.8","108.6","108.9","108.9","108.9","108.9","108.8","108.7","108.7","108.7","108.7","108.8","108.8","108.8","110.4","110.4","110.4","110.6","110.3","110.3","110.3","110.3","110.3","110.3","110.3","110.3","110.3","110.3","110.1","110.1","110.1","110.1","110.1","110.1","110.1","110.3","110.3","110.3","110.8","110.8","110.8","110.8","110.8","110.8","110.8","110.8","111.9","110.7","110.7","110.7","110.7","110.7","110","110.5",
"합성고무 및 플라스틱 물질 제조업","가동률지수(원지수)","","104.913","96.52","105.527","100.409","100.819","101.842","105.322","103.582","104.606","100.102","99.181","105.527","107.881","100.307","109.724","101.638","107.267","107.369","108.802","105.732","101.74","102.047","105.322","109.417","111.054","101.228","111.771","103.378","105.937","103.787","106.346","111.054","108.086","109.314","103.275","107.165","109.724","99.284","109.928","104.708","108.393","105.527","106.755","107.677","101.945","95.803","97.236","103.378","109.212","94.678","102.559","96.418","100.102","94.985","106.448","105.322","101.126","96.622","99.079","103.275","104.3","100.6","105.1","96.8","92.3","92.9","99.8","103.4","102.3","104.8","94.5","103.2","103","98","108.9","106.2","105.1","99.3","105.2","103","99.7","92.4","90.1","103.1","102.7","92.2","102.3","99.6","97.5","86.5","91.2","84.6","80.4","76.2","73","80.3","85.6","87","97.1","90.2","82.9","83.7","85.9","87.2","86.4","83.8","81.1","82.8","87.8","76","85.8","88.1","92","87.9","89.9","84.9","83","81.4","81.5","85.9","88.3","79.5","91.2","87.4","85.3","82.1","87.8","86","87.1","78.7","77.2","82.5","86.5","78.2","83.6","78.6","79.2","80.5","76",
"합성고무 및 플라스틱 물질 제조업","가동률지수(계절조정)","","101.101","102.233","101.44","99.137","99.378","102.438","103.068","102.685","105.215","104.094","103.447","104.605","104.382","105.615","105.323","100.914","105.702","108.128","107.146","103.573","102.281","106.317","109.466","107.751","107.412","106.42","107.153","102.57","104.32","104.605","104.758","108.776","106.712","117.497","107.675","106.783","105.158","105.228","105.265","103.705","106.603","107.119","105.14","105.458","103.005","100.137","101.729","103.112","104.456","100.494","98.686","94.662","97.086","96.506","104.17","103.181","102.177","101.164","104.028","103.163","100.3","105.5","100.4","95.9","89.8","93.9","97.6","102.5","101.5","111.3","100.1","102.8","98.7","104.5","104","103.5","102.6","99.8","102.7","101.6","100.1","98.2","95.3","102.8","98.4","98.5","98.2","96.7","93.9","88","89.4","83.1","80.7","80.7","77.5","79.8","82","92.5","92.7","87.8","80.5","84.7","84","85.7","86.7","89.3","86.2","83.5","83.4","81.1","82.3","85.5","88.7","89.4","87.3","83.6","83.8","86.1","86.8","86.8","85","84.9","88","84.1","82.1","84","85.2","85.3","85.9","84.3","82.9","82.9","82.2","84.2","80.2","75.5","76.5","81.8","74.1",
"비료, 농약 및 살균ㆍ살충제 제조업","생산능력지수","","96.154","96.154","96.154","96.154","96.154","96.154","96.154","96.154","96.154","96.154","96.154","96.154","96.154","96.154","96.154","96.154","96.154","96.154","96.154","96.154","96.154","96.154","96.154","96.154","96.154","96.154","96.154","96.154","96.154","96.154","96.154","96.154","96.154","96.154","102.115","102.115","100.673","100.769","100.769","100.769","100.769","100.769","100.769","100.769","100.769","100.769","100.769","99.231","99.615","99.615","99.615","99.615","100","100","100","100","100","100","100","100","100.1","100.1","100.1","100","100","100","99.9","99.8","100","99.9","100","100.1","98.7","98.7","98.7","98.8","98.8","98.8","98.7","98.8","98.7","98.8","98.8","98.8","100.2","100.2","100.2","100","99.9","99.8","99.5","99.5","99.7","99.8","99.7","99.7","99.5","99.5","99.5","99.5","99.6","99.6","99.1","99.1","99.1","99.1","99.1","99.1","98.7","98.7","98.8","98.8","98.8","98.6","98.6","98.6","98.6","98.6","98.6","98.6","98.3","98.3","98.3","98.3","98.3","98.3","98.3","98.3","98.3","98.3","98.3","98.3","98.3","98.4","98.4","98.6","98.2","98.2","98.1",
"비료, 농약 및 살균ㆍ살충제 제조업","가동률지수(원지수)","","123.766","117.422","143.404","131.017","116.113","105.136","70.896","52.467","69.889","64.753","87.21","126.485","113.696","98.792","129.708","112.286","115.307","92.346","62.236","58.409","57.402","49.446","95.368","115.911","107.251","114.804","132.125","129.204","131.722","104.33","83.384","57.704","67.976","71.198","115.609","119.839","125.076","112.89","132.83","125.277","122.558","98.389","92.548","60.423","73.212","75.025","103.424","111.581","138.57","116.415","130.614","125.68","112.387","81.168","66.566","49.748","68.479","83.182","105.136","119.537","117.5","119.1","128.8","119.5","108.5","96","72.2","59.1","87.8","72","103.4","116.1","117","123.8","139.9","128.4","120.8","98.5","74.1","56.8","77.2","78.3","111.6","110.8","119.8","117.1","129.8","118.7","129.3","97.7","76.3","57.6","73.6","75.7","100.9","114.7","112.4","122.4","127.5","115.2","102.8","94.7","62.7","60.4","69.5","62.2","99.3","112.8","123.5","105.8","118","120.2","113.3","80.9","67.9","45.8","70.1","73.5","98.1","120.9","109.6","119.9","129.1","125.5","108.2","85","70.2","64.4","80.7","69.7","93","125","117","108.8","126.5","114.3","114.1","92.7","71.8",
"비료, 농약 및 살균ㆍ살충제 제조업","가동률지수(계절조정)","","109.29","108.666","104.146","102.647","94.259","102.012","87.564","84.315","90.859","90.98","94.745","119.617","100.087","88.567","94.997","89.192","94.24","92.071","80.15","94.942","76.595","67.297","98.932","105.409","97.237","97.354","97.622","103.103","108.498","106.582","110.151","96.266","82.043","109.424","116.475","109.124","105.72","100.548","99.256","100.216","102.056","103.693","124.883","102.855","99.776","100.227","101.851","99.437","116.785","102.477","99.662","99.726","92.201","86.521","90.212","85.637","94.074","109.561","101.956","105.25","104.4","96.6","97.6","97.6","91.2","101.8","98.9","105.2","111","101.1","100.7","100","98.2","108.1","106.4","102.6","103.6","103.9","102.2","99.8","105.1","104.2","107.3","94.6","103","99.2","100.1","94.9","108.8","106.8","107","99.3","100.5","98.7","97.7","95.3","98.7","100.1","97.4","92.9","89.2","103.3","88.3","102.8","92.4","84.5","97.3","94.6","101.6","91.3","91.4","96.4","97.7","90.4","94.7","77","97.8","95.1","97.4","99.7","96.5","99.4","101.4","98.6","93.7","97.2","98.2","108.2","98.8","100.3","94.5","100.5","96.1","95.7","98.1","89.5","100.3","105.1","102.1",
"기타 화학제품 제조업","생산능력지수","","84.733","84.818","84.733","84.733","84.733","84.733","84.902","84.818","84.818","84.733","84.987","84.987","84.987","84.733","85.072","85.157","84.987","84.987","84.818","86.938","87.617","89.483","89.483","89.652","91.179","91.264","91.688","91.688","91.858","91.688","91.773","91.688","91.688","91.688","92.027","92.027","92.791","92.875","92.96","92.96","93.13","93.299","93.384","93.469","93.723","93.723","93.723","93.554","94.911","94.911","94.911","95.335","95.335","95.25","95.165","95.081","94.996","95.081","95.165","95.165","97","97.8","97.9","98.5","99.2","99.3","99.9","99.8","103.1","102.3","102.4","102.9","98.4","98.3","98.9","98.5","97.9","97.9","97.1","97.1","97","96.3","96.9","96.9","97.7","97.4","97.3","96.4","97.4","94.8","93","92.4","92.6","92.5","93.1","93.1","92.1","91.9","92","91.7","92.7","91.8","92.9","93.7","93.8","93.8","94.6","93","92.5","92.5","92.4","92.3","92.4","92.3","92.3","92.3","92.1","92.2","92.1","92.1","89.8","89.7","89.6","89.3","89.4","88.3","88.3","88.2","87.8","89.7","87.3","87.3","86.5","85.7","85.6","85.6","85.5","85.5","85.6",
"기타 화학제품 제조업","가동률지수(원지수)","","100.805","86.016","103.32","100.704","96.881","104.93","106.338","95.372","101.006","107.344","102.515","101.911","96.781","91.449","105.03","97.887","101.71","106.237","105.332","100.302","100.201","105.433","106.539","100.101","95.976","93.763","102.716","97.485","101.207","102.918","102.314","101.408","106.841","93.058","102.213","91.348","99.396","86.62","102.817","99.799","102.012","97.686","98.893","98.491","90.04","101.811","97.787","89.336","97.988","79.577","92.052","93.561","96.378","89.638","97.988","84.708","84.306","96.177","94.165","89.135","77.3","79.7","93.2","118.5","102.4","106.5","94.6","95","108.6","105.4","109.1","109.9","109","109.8","120.5","105.7","104.9","120.7","107.3","105.1","112.7","100.1","108.2","129.4","123.8","111.9","124","111.2","102.1","99.3","87.9","83.2","85.6","85.5","86.1","80.5","80.5","82","87.5","80.8","79.2","82.3","83","77.7","77.3","78.9","83.7","82.7","84.5","78.2","82.7","84.9","83.1","82","85.4","82.1","81.2","86.3","84.2","77","76.2","81.9","84.2","84","78.9","81.6","88","77.7","88.9","73.8","82.1","87.2","87.6","74.7","86.9","88.1","82","86.9","87.1",
"기타 화학제품 제조업","가동률지수(계절조정)","","99.721","100.257","99.181","97.567","95.057","99.902","100.81","101.942","103.466","101.368","102.639","104.788","98.492","103.145","100.832","98.045","100.045","101.147","102.882","101.445","103.104","99.27","103.429","99.524","104.243","98.648","98.611","98.128","99.77","97.968","100.195","102.711","99.593","102.319","99.133","95.648","97.481","100.315","98.669","100.829","100.875","95.683","97.071","99.91","94.658","96.506","94.738","93.166","96.448","91.374","90.776","92.071","90.301","87.961","93.753","86.079","88.772","90.983","91.211","92.652","83.6","80.6","89.2","123.5","98.9","101.8","90.6","102.2","104.2","106.6","108.7","110.6","109.2","126.1","115","104.2","104.6","112.3","102.9","110.2","115.3","100.5","105","130","128.5","123.3","121.4","109.6","96.7","97.8","86.9","85","87.5","83.7","83.6","78.3","86.7","84.3","83","81.9","79.7","78.8","82.1","79.6","78.3","80.3","81.5","85","81.9","86.4","80.4","86.2","81.5","80.8","82.1","84.2","85.1","84.9","82.1","79","83.5","84.3","84.1","82.8","77.6","82.9","84.6","82.1","82","78.1","82.5","87","84.4","84.5","84.3","86.8","83.2","85.9","86.1",
"화학섬유 제조업","생산능력지수","","107.403","107.403","107.403","107.403","107.403","107.403","107.403","107.403","107.403","107.403","107.403","106.009","106.009","106.009","106.009","106.009","106.116","106.116","106.116","106.116","106.116","106.116","108.155","108.155","108.691","108.691","108.691","108.691","108.691","108.691","108.691","108.906","108.906","108.906","108.906","108.906","108.906","109.549","109.549","109.549","109.549","109.549","109.549","110.408","110.408","110.408","110.408","110.408","110.3","110.3","110.3","104.828","104.828","104.828","104.828","104.828","104.828","104.828","104.828","104.828","105.3","105.3","98.2","98.2","96.9","96.9","96.6","100.3","100.6","100.6","100.6","100.6","100.5","100.5","100.5","100.5","100.5","100.5","100.5","100.5","100.5","100.5","100.5","100.5","100.5","100.5","100.5","100.5","98.7","98.7","98.7","98.7","98.7","98.7","98.7","98.7","91.3","91.3","68.6","68.6","68.6","68.6","68.6","68.6","68.6","68.6","68.6","68.6","67.1","67.1","67.1","67.1","67.1","67.1","67.1","67.1","67.1","67.1","67.1","67.1","67.1","67.1","67.1","67.1","67.1","67.1","67.1","67.1","67.1","67.1","67.1","67.1","64.4","64.2","63.6","63.6","63.6","63.6","63.6",
"화학섬유 제조업","가동률지수(원지수)","","120.726","112.998","119.789","121.546","125.176","117.916","114.052","115.691","110.187","117.564","113.583","115.925","118.267","110.539","120.375","115.691","119.672","124.473","128.806","126.112","119.789","123.536","120.843","126.932","126.698","118.033","127.049","111.944","126.347","117.564","120.492","123.888","123.068","122.014","122.951","128.454","129.508","117.564","131.382","127.166","124.356","118.97","120.141","117.33","120.492","125.527","119.555","118.267","119.906","107.377","112.881","106.909","115.34","110.539","117.33","114.988","109.836","111.944","107.728","115.34","115.5","111","124","93.8","69.8","60.5","82.5","95.5","104.4","112.2","111.4","119.4","123.9","111.4","125.5","126.1","128.9","122.5","124.3","118.8","111","117","114.9","116.5","114.7","95.4","109.9","108.2","108.1","94.8","107","93.9","86.7","87.4","86.5","90.6","75.8","72","105.6","90.4","84.8","86.7","85.8","83.4","83","82","87.1","89.8","83.9","75.7","75.3","76.2","74.2","75.5","71.5","67.6","59.5","64.6","61.1","63.1","63","57.7","64.6","60.4","57.8","61.1","60.6","59.4","62.8","61.6","61.1","58.9","65.7","61.9","67.3","59","64.3","60.5","62.3",
"화학섬유 제조업","가동률지수(계절조정)","","119.947","122.405","118.347","119.953","120.458","118.271","112.657","113.651","111.917","115.676","116.357","116.157","117.117","119.629","118.551","113.744","115.239","124.872","126.751","124.963","122.413","121.901","124.016","127.022","126.087","126.519","124.743","109.985","121.796","117.764","118.523","123.272","124.203","122.51","126.05","127.497","128.086","126.231","128.707","124.854","120.016","118.614","118.224","117.201","124.176","124.804","122.38","116.956","118.414","115.071","110.049","105.166","112.066","109.803","115.769","115.311","113.544","111.711","110.217","113.667","114.4","118.6","120.8","91.9","67.8","60","81.4","95.7","107.5","113.1","113.6","117.7","121.8","119.4","121.8","124.1","125.5","121.5","122.7","120","115.2","116.5","117.2","114.7","113.1","101.8","106.3","106.6","106","93.2","105.4","95.4","90","87.1","88.1","89.2","75.1","76.8","102.2","89.1","83","85.1","84.5","84.9","85.7","81.9","88.6","88","82.8","81.3","72.7","75.3","73","73.7","70.6","69","61.5","64.4","62","61.8","62.3","61.6","62.1","59.9","57","59.3","59.9","60.5","63.8","62.7","61.7","57.8","64.9","66.4","64.8","58.6","63.5","58.8","61.4",
"고무 및 플라스틱제품 제조업","생산능력지수","","103.838","103.734","103.838","103.734","103.631","103.527","103.734","104.046","104.149","103.631","103.216","103.942","103.631","103.942","104.046","104.149","104.357","104.357","105.602","104.461","105.187","105.913","105.498","105.705","104.564","104.979","104.461","104.357","104.564","104.357","105.187","104.876","105.083","105.187","105.29","104.564","102.697","101.763","101.971","101.66","101.763","101.763","100.83","101.66","101.556","101.66","101.556","101.971","103.942","102.282","102.178","101.141","101.037","100.726","101.141","101.245","100.622","100.726","100.415","100.622","101.8","101.8","102.2","100.3","99.8","100","100","99.6","99.5","98.8","98.7","97.7","99.7","98.2","97","95.9","95.7","95","94.7","94.3","94.3","93.7","92.9","92.3","93.7","92.9","92.6","93.1","93.3","92.6","92.2","90.8","90.4","90.5","91.7","91.7","90.6","91.2","89.9","89.8","89.5","89.1","89.1","88.5","88.6","88.4","88.9","89","89.1","88.6","88.6","89.2","88.6","89.4","89.4","89.9","89.2","88.8","89.2","89.4","88.5","88.7","88","87.2","87.1","85.3","85.9","85.9","85.1","85.5","85.5","85.6","85.7","85.6","84.8","82.3","81.2","81.3","81.1",
"고무 및 플라스틱제품 제조업","가동률지수(원지수)","","110.596","98.234","117.108","113.355","108.057","114.349","113.907","101.987","107.837","118.102","111.258","109.603","108.278","98.565","116.998","111.589","111.369","113.466","112.362","105.077","104.636","114.238","115.011","111.81","102.98","104.967","118.102","112.362","110.927","113.797","111.148","106.843","116.887","99.89","113.024","102.428","108.057","92.384","110.927","108.72","110.155","107.837","106.733","103.642","99.558","114.57","110.486","102.649","107.285","88.742","108.057","110.817","110.817","105.74","109.382","95.254","98.234","109.272","104.636","99.779","95.3","95","106.5","91.3","86.1","95.3","103.3","92.6","108.5","107.9","111.2","107.1","104.9","95.1","116.7","112.1","106.3","112.3","110.5","102.1","102.7","109.5","111.8","109.3","106.7","100.4","116.9","117.1","119.1","114.5","113.5","107.9","104.8","113.2","112.8","103.2","100.2","102.3","115","110","112","112.8","109.9","107.9","107.8","110.4","114.6","104.7","115.1","101.4","114.1","114.3","116.8","112.4","114.1","108","103.4","117.9","111","110.8","101.4","109.4","115.8","120.6","114.6","114.7","113.9","106.3","115.8","98","108.1","110","110.4","94.1","117","121.2","114.5","122.6","121.2",
"고무 및 플라스틱제품 제조업","가동률지수(계절조정)","","109.602","113.574","111.277","108.822","106.801","109.588","110.224","110.11","111.966","110.841","110.455","110.938","109.475","111.368","111.07","109.437","110.204","109.093","111.038","108.738","109.683","106.361","111.64","110.685","111.096","110.843","112.024","110.212","109.815","109.766","109.845","110.589","109.6","108.644","109.494","105.8","106.443","106.626","105.034","106.691","109.032","106.558","105.584","107.202","106.389","107.274","106.849","106.057","106.066","101.833","104.402","106.426","105.062","104.738","106.042","98.462","105.15","102.384","101.08","103.158","102.6","97.5","100.6","91.4","83.2","92.5","100.2","99.7","105.7","108.8","109.6","108.3","105","109.3","110.1","107.2","104.9","106.7","107.3","107.5","107.8","107.4","108.1","110.6","110.8","111.1","112.6","111.8","112.6","113.3","112.7","111.3","110.2","108.8","109.2","102.1","108","106.7","108.2","107.2","110.4","109.2","109.2","111.4","111.4","110.7","111.1","107.9","112.9","113.7","109.5","111.2","112.6","111.1","111.1","111.4","111.3","113.8","107.8","114.1","110.8","114.6","113.4","114.8","110.3","115.5","111","112","108.5","104.5","107.3","110.9","108.2","107.6","112.2","115.2","112.5","120.9","120.7",
"고무제품 제조업","생산능력지수","","104.522","104.311","104.627","104.942","104.942","104.942","105.363","105.468","105.468","104.837","104.732","107.466","106.835","107.045","107.15","107.15","107.466","107.361","107.361","106.414","106.519","106.625","106.625","106.625","106.835","106.309","105.994","105.678","104.942","105.258","106.625","106.73","106.625","106.414","106.414","105.994","106.835","106.73","107.15","107.15","107.256","107.15","107.15","111.356","111.251","110.936","110.936","111.146","112.408","110.095","110.095","106.414","106.519","106.519","106.519","106.73","106.73","106.73","106.73","106.73","107.8","107.8","107.9","97.5","97.2","97.2","97.3","97.6","97.5","97.4","97.4","97.4","97.4","97.4","96.4","96.1","95","95","94.9","93.9","93.2","92.8","92.8","91.7","93.5","92.8","90.6","90.7","90.7","90.2","89.8","88.7","87.6","87.2","87.2","87.4","87.9","90.3","85","82.9","83.2","82.7","83.4","83.2","82.6","82.7","85.1","84.3","84.5","84.1","83.3","83.4","83.7","84.1","84.3","86.4","83","81.7","82.4","83.4","84.1","83","82","82.2","79.6","76.1","76.2","79.8","78.9","79.9","79.1","79.2","80","80.5","78.6","78","79.1","78.9","80.1",
"고무제품 제조업","가동률지수(원지수)","","119.635","100.571","120.091","118.379","113.927","119.292","121.119","98.059","103.995","118.607","118.151","118.037","114.726","99.315","115.868","113.128","113.242","116.324","113.813","103.196","102.854","119.292","117.808","119.292","107.534","109.247","122.717","115.525","110.845","117.922","112.443","107.534","114.612","100.228","111.301","109.817","109.361","89.954","109.018","109.817","112.671","110.16","108.333","100.571","95.434","111.986","112.9","106.735","110.388","87.9","108.562","113.014","115.297","108.904","113.242","90.411","95.662","105.822","105.479","100.228","99.1","98.9","103.8","81.4","69.4","91.9","107.3","95.5","111.2","110.6","119.3","111.6","108.4","95.2","120.4","113.3","107.6","114.5","105.8","98.4","104.1","107.1","102.5","97.1","104.4","106.4","126","120.1","128.8","129","128.9","117.3","114.1","126.3","129.4","117.5","115.5","117.4","126.8","126.4","127.1","126","118","111","116.4","124.8","125.4","118.3","127.1","109.3","127.4","119.3","129.3","128.2","125.3","114.9","114.3","133","128.7","132.2","115.5","126.3","135.6","137.8","133.4","132.8","131.2","113.6","125","113.5","125.3","128.7","128.5","107.4","135","132.9","134.6","141.8","142.8",
"고무제품 제조업","가동률지수(계절조정)","","114.854","118.612","113.496","113.279","112.49","114.163","118.125","108.127","112.026","113.696","115.415","114.301","112.225","114.854","110.007","110.058","111.39","111.237","112.564","110.436","112.06","112.898","112.956","114.29","115.711","114.741","117.192","112.434","108.516","112.765","111.198","115.215","112.259","108.396","106.318","109.109","104.662","106.233","104.431","106.837","110.016","106.845","107.323","107.847","104.17","106.675","107.444","106.646","107.51","101.997","105.681","108.27","109.07","105.516","110.693","97.057","104.557","100.505","100.095","100.603","107.9","101.1","99.3","80.4","66.6","87.6","105.1","105.8","111.7","112.5","114.9","110.6","105.5","112","114.9","108.5","104.8","107.3","103.9","107.6","112","104.8","97.5","96.1","107.9","117.9","121.6","115","121.6","124.3","128.7","126.6","123.1","121.8","123.8","114.1","126.9","120.3","120.1","122.9","123.6","119.5","117.8","120","122.9","125.3","120.6","117.9","122.5","125.6","122.3","115.8","123.6","123.5","123.2","124.5","126.1","128.4","124.3","131.2","126.2","131.8","131.9","131.7","127.4","129.9","129","125.2","121.8","120.7","123.3","125.4","123.7","125.1","129.2","127","130.5","136.4","142.5",
"플라스틱 제품 제조업","생산능력지수","","103.834","103.834","103.834","103.627","103.627","103.42","103.523","103.834","104.041","103.523","103.109","103.316","103.005","103.42","103.42","103.627","103.834","103.731","105.389","104.145","105.078","106.01","105.492","105.699","104.249","104.767","104.352","104.249","104.767","104.352","105.078","104.663","104.974","105.078","105.285","104.456","101.865","100.725","100.829","100.415","100.622","100.622","99.482","99.378","99.378","99.585","99.378","99.793","102.073","100.518","100.415","100","99.793","99.482","100","100.104","99.275","99.378","99.067","99.275","100.4","100.4","101","100.9","100.4","100.6","100.6","100","99.9","99.1","99","97.7","100.2","98.4","97.2","95.9","95.8","95","94.7","94.4","94.6","93.9","92.9","92.4","93.8","92.9","93","93.7","93.9","93.1","92.7","91.3","91","91.3","92.8","92.7","91.2","91.4","91","91.5","91","90.6","90.5","89.7","90.1","89.7","89.8","90.2","90.2","89.7","89.8","90.5","89.8","90.6","90.6","90.7","90.7","90.5","90.8","90.9","89.5","90.1","89.4","88.4","88.9","87.7","88.4","87.4","86.6","86.9","87.1","87.1","87.1","86.8","86.4","83.3","81.6","81.8","81.2",
"플라스틱 제품 제조업","가동률지수(원지수)","","108.087","97.486","116.284","111.913","106.448","112.896","111.913","103.06","108.852","117.923","109.399","107.104","106.448","98.251","117.268","111.038","110.82","112.568","111.913","105.574","105.137","112.896","114.208","109.617","101.639","103.825","116.831","111.475","110.82","112.678","110.71","106.667","117.377","99.672","113.443","100.546","107.76","92.896","111.366","108.415","109.399","107.213","106.23","104.372","100.546","115.191","109.836","101.53","106.448","88.962","107.869","110.273","109.617","104.809","108.197","96.503","98.907","110.164","104.372","99.563","94.4","94","107.2","93.6","89.9","96.1","102.4","91.9","107.8","107.2","109.3","106","104","95","115.9","111.8","106","111.9","111.5","102.9","102.4","110.1","114","112.1","107.2","98.9","114.8","116.4","116.8","111.1","109.9","105.7","102.7","110.1","108.9","99.9","96.5","98.7","112.2","106.1","108.4","109.7","108","107.3","105.8","107","112.1","101.5","112.3","99.6","110.9","113.2","113.8","108.6","111.5","106.4","100.9","114.3","106.8","105.7","98","105.3","110.9","116.5","110","110.2","109.7","104.6","113.7","94.2","103.9","105.5","106","90.9","112.6","118.4","109.7","117.9","115.9",
"플라스틱 제품 제조업","가동률지수(계절조정)","","107.922","112.199","110.634","107.519","105.236","108.231","108.098","110.74","112.085","110.133","109.022","109.565","108.464","110.421","111.325","109.101","109.814","108.368","110.573","108.419","109.247","104.716","111.181","109.371","109.73","109.787","110.645","109.541","109.995","108.907","109.396","109.541","108.972","108.56","110.264","104.818","106.877","106.656","105.168","106.607","108.627","106.404","105.051","107.073","106.931","107.428","106.622","105.735","105.61","101.826","104.041","105.964","103.98","104.355","104.693","98.898","105.37","102.898","101.249","103.655","101.5","96.8","101","94","87.2","93.8","99.2","98.4","104.4","108.1","108.5","107.9","105","108.8","109.2","107","105.1","106.7","108.2","107.6","106.9","108.1","110.7","114.1","111.6","109.7","110.6","111.2","110.7","110.9","109.1","107.9","107.3","105.9","105.9","99.4","103.6","103.6","105.6","103.6","107.4","106.9","107.3","109.5","108.8","107.3","109.1","105.7","110.8","111.1","106.6","110.3","110.1","108.3","108.3","108.5","108","110.5","104","110.2","107.2","110.6","109.1","110.9","106.3","112.3","106.8","109","105.5","100.7","103.6","107.5","104.6","103.5","108.3","112.6","108.3","117.4","115.5",
"비금속 광물제품 제조업","생산능력지수","","97.835","97.736","97.933","98.228","99.016","98.819","98.72","98.425","98.228","98.524","98.72","98.819","102.362","102.067","102.362","102.657","102.854","102.854","103.248","103.445","103.839","103.642","103.642","103.642","104.823","104.921","104.921","104.429","104.724","104.823","104.823","104.823","104.921","104.724","103.543","103.937","102.067","102.264","99.114","99.114","99.311","98.917","98.819","99.016","98.917","98.622","98.13","97.835","97.933","98.425","98.819","98.819","98.622","98.819","98.524","98.425","98.622","98.524","98.819","98.524","99.1","101.6","100.7","88.2","103.4","100.2","100.6","99.6","101.1","100.2","100.3","105.1","102.3","98.7","99","97.1","96.9","95.6","97.5","94.4","97.4","94.2","94.2","93.4","94.6","95.2","94.5","93.8","92.4","93.3","103.4","96.9","95.9","98.1","92.8","93.8","98.1","93.4","92.5","90.7","91","90.9","91.5","91.6","90.3","92.2","90.8","91.3","94.4","94.2","94.3","95","94.8","95.2","95","95.2","95.2","95.3","95.5","95","95.7","95.8","96.3","96.1","95.8","96.2","96.1","96.2","94.8","94.8","94.5","95.1","95.2","95","95.2","92.5","92.5","92.7","92.6",
"비금속 광물제품 제조업","가동률지수(원지수)","","83.52","75.483","100.305","105.493","109.766","111.394","105.493","100.916","102.747","111.699","105.392","108.545","83.927","78.332","107.528","111.292","117.497","120.549","104.171","109.563","105.29","115.87","121.363","114.344","88.403","88.81","116.48","114.649","120.651","112.92","102.645","103.154","115.666","99.288","117.904","110.376","88.81","80.57","114.446","116.073","120.855","125.127","113.733","103.967","108.037","124.72","124.212","114.344","99.797","80.264","108.545","116.277","120.041","115.87","113.733","108.342","98.983","116.684","117.294","113.021","80.8","81.6","104","109.7","97.4","105.1","94.4","87.6","106.3","109.1","114","110.1","86.5","84.3","110.8","116.1","111.2","118.2","110.6","103","101.5","116","122.6","123.2","96.9","85.1","113.2","120.4","123.5","108.3","107.4","103","105","116.1","122.3","109.4","83.9","94.3","117.5","114.9","122.6","119.3","99.8","101","106.1","115.3","121.3","110.4","89.5","77.5","97.3","108","109.4","108.7","87.4","95.7","88.1","109.6","108.5","103.9","69.3","68.7","86.4","99.2","94.9","94.1","90.8","78.9","90.4","81.8","97.2","91.7","67.2","65.2","90.2","92.7","88.7","96.4","85.4",
"비금속 광물제품 제조업","가동률지수(계절조정)","","103.315","104.917","98.563","97.266","99.219","99.809","105.095","107.694","105.907","101.404","95.717","104.786","104.78","106.454","105.498","104.426","106.675","108.37","105.467","113.527","109.455","104.536","108.518","108.11","114.568","114.613","114.242","107.645","110.036","101.916","103.911","107.299","105.497","105.329","105.468","107.383","107.342","110.075","112.2","109.019","110.801","115.282","115.151","108.43","114.446","112.482","111.031","110.788","119.881","109.068","108.096","107.529","107.035","107.157","113.351","113.325","105.075","105.075","104.742","109.114","103.5","102.9","101.9","104.5","88.1","95.7","93.8","94.3","102.3","106.1","103.2","103.7","105.7","116","108.4","106.8","103","106.2","110","109.6","106.3","107.2","109.1","115.6","119.6","111.1","112.6","110.4","111","101.3","108.9","108.7","110.7","104.8","107.7","100.7","107.2","120.3","115.1","107","113.9","109.1","100.9","106.5","109","108.4","106.9","104.8","107.9","105.5","97","99.8","99.4","100.5","87.1","101.4","95","98.2","94.9","98.3","88","86.8","87.6","90.4","86.7","89.2","90.5","84.9","82.6","84.1","86.8","85.3","79.1","87.9","90","84.3","82.7","89.7","86.6",
"유리 및 유리제품 제조업","생산능력지수","","90.102","89.917","90.564","91.582","93.617","93.895","93.432","92.599","92.692","93.525","94.08","94.08","92.414","91.212","92.137","92.599","92.507","92.692","93.525","93.525","95.19","95.19","95.19","95.375","99.722","99.722","99.352","99.352","99.445","100.185","100.185","100.093","101.295","101.018","100.833","101.85","96.022","97.41","98.89","98.89","99.167","99.352","99.352","99.537","99.445","98.797","99.075","98.982","98.427","98.242","99.26","99.445","99.815","99.63","99.63","99.815","100.093","100","100.093","99.167","99.9","107.8","103.2","57.4","113.8","102.3","102.9","96.2","101.4","97.6","98.4","119.1","103.7","96.7","98","95.5","94.2","91.2","99.9","88.2","99.5","89.5","89.6","88.3","90.2","92.8","96","96.3","91.4","96.7","133.8","111.4","108.9","117.1","105.3","103.7","122.6","107.5","104.2","94.6","96.3","95.2","98.4","98.7","92.1","102.8","97.1","91.9","104.8","103.7","103.8","103.3","103.2","102.9","102.8","103.9","104.4","104.2","106.1","103.8","105.8","106.7","106.2","107.1","106.2","105.8","104.5","104.8","100.4","99.8","99.2","102.5","104.5","103.7","103","101.1","101.1","102.2","102.9",
"유리 및 유리제품 제조업","가동률지수(원지수)","","92.146","85.662","93.607","93.151","93.699","91.781","96.986","93.516","85.662","91.598","90.959","87.215","92.694","91.416","99.361","100.183","111.963","110.502","100.365","106.484","105.114","106.027","105.936","99.361","97.717","91.963","103.927","100.274","101.553","97.808","97.808","98.447","96.164","96.347","99.909","97.26","99.452","92.329","105.662","99.635","102.1","108.584","104.11","103.653","106.758","111.872","109.589","114.886","113.973","92.785","104.201","108.767","113.333","109.954","118.904","111.507","108.767","111.416","104.932","108.95","94.7","88.2","101.3","103.2","82.6","93.5","102.1","101.2","107.4","110","111.2","104.5","106.7","93.5","106.7","107.1","105.6","109.4","104.5","112.7","104.7","114","119.2","121.2","120.5","107.4","119.6","113.2","115.3","105.6","86.3","90.9","91.3","90","102.2","103.4","89.6","96.7","106.2","105.3","110.3","104.8","106.4","103.8","102.3","102.9","105.3","112.2","108.9","91.9","95.1","100.1","101.8","103.8","105.8","99.1","94.8","106.6","103.6","112.5","95.1","90","90.5","91.5","91.1","92.9","102","87.5","93.1","94.2","94.2","88.6","89.2","81.7","95.3","89.3","91.3","94.6","93.6",
"유리 및 유리제품 제조업","가동률지수(계절조정)","","91.923","94.109","93.113","92.863","91.148","92.493","94.051","94.699","87.015","89.006","88.906","86.764","92.414","100.49","98.739","99.854","108.968","111.743","97.528","107.821","106.839","102.956","103.221","98.523","99.814","98.632","103.133","100.034","98.981","99.247","95.311","99.764","95.493","95.69","96.971","96.288","98.467","102.077","104.875","99.496","99.737","110.619","101.76","105.061","108.312","108.409","105.965","113.367","112.361","102.897","103.621","108.756","110.859","112.277","116.48","113.114","110.161","107.81","101.09","107.119","95.6","95.3","100.9","103.4","81.1","95.6","100.3","102.9","107.4","107.5","106.9","102.2","104.6","103.9","106.7","107.4","104.2","111.8","102.8","114.8","105.9","109.9","114.3","118","119.5","117.8","120","113.5","114","108.1","85","92.7","92.4","86.4","97.9","100.2","89.9","104.6","106.7","105.9","109.6","107.1","105","106","103.2","99.1","100.6","108.5","106","102","95.9","100.8","101.4","106","104.5","101.3","96.2","102","98.8","108.5","95","97","91.6","92.3","90.9","94.8","100.8","89.6","92.4","92","89.7","85.2","86.5","90.4","96.7","90.1","91.5","96.3","92.6",
"내화, 비내화 요업제품 제조업","생산능력지수","","104.737","104.737","104.632","104.842","105.474","105.474","105.579","105.579","105.579","105.579","105.579","105.474","105.053","105.053","105.368","105.368","105.368","105.368","105.368","105.368","105.368","105.474","105.474","105.474","106.211","106.211","106.211","105.789","105.789","105.789","105.789","105.789","103.158","100.105","99.474","98.526","97.684","97.158","97.368","97.895","98.632","100.105","97.684","97.789","98.316","97.158","95.579","94.316","98.632","99.158","99.474","98.421","98.526","100.421","98.737","98.211","100.316","99.263","100.947","102","","","","","","","","","","","","","","","","","","","","","","","","","","","","","","","","","","","","","","","","","","","","","","","","","","","","","","","","","","","","","","","","","","","","","","","","","","","","","","","",
"내화, 비내화 요업제품 제조업","가동률지수(원지수)","","103.453","89.519","121.948","127.62","125.524","131.936","132.182","124.414","124.661","136.745","131.073","130.456","104.439","88.779","125.154","121.455","125.524","125.031","118.249","118.742","112.454","128.853","130.703","130.456","99.26","98.89","123.428","121.208","127.374","128.73","123.181","125.771","131.813","112.947","129.84","128.977","129.716","91.739","125.401","128.36","133.292","132.306","132.059","125.894","118.866","139.457","127.127","128.36","110.234","83.107","116.523","126.264","122.811","113.687","121.455","116.153","106.535","125.647","122.318","113.933","","","","","","","","","","","","","","","","","","","","","","","","","","","","","","","","","","","","","","","","","","","","","","","","","","","","","","","","","","","","","","","","","","","","","","","","","","","","","","","",
"내화, 비내화 요업제품 제조업","가동률지수(계절조정)","","","","","","","","","","","","","","","","","","","","","","","","","","","","","","","","","","","","","","","","","","","","","","","","","","","","","","","","","","","","","","","","","","","","","","","","","","","","","","","","","","","","","","","","","","","","","","","","","","","","","","","","","","","","","","","","","","","","","","","","","","","","","","","","","","","","","","","","","","","","",
"시멘트, 석회, 플라스터 및 그 제품 제조업","생산능력지수","","103.413","103.413","103.309","103.309","103.413","103.309","103.413","103.413","103.413","103.516","103.516","103.619","103.619","103.723","103.826","103.723","104.137","104.033","104.033","104.24","104.24","104.343","104.343","104.343","104.55","104.654","104.757","104.757","105.171","104.964","104.964","105.067","104.964","105.067","104.137","104.033","104.033","104.033","98.449","98.345","98.345","97.622","97.622","97.932","97.828","97.518","97.415","97.104","97.518","99.173","99.173","99.276","99.069","99.276","99.38","99.38","99.276","99.173","99.276","98.966","99.8","99.8","100.2","100.3","99.8","99.6","99.7","100.1","100.7","100.7","100.4","99","99.1","98.6","98.4","97.6","97.8","97.3","97.3","97.4","97.3","97.4","97.3","97.3","98.6","97.8","96.3","95.9","95.7","95.6","95.7","95.5","95","94.8","93.4","93.4","94","91.9","91.6","91.8","91.8","92.1","92","92.2","92.4","91.8","91.6","94.8","95","95","95","95.3","95.2","96","95.8","95.8","95.7","95.7","95.7","95.6","96.1","95.6","96.5","96.2","96.2","96.3","96.3","96.2","95.7","95.9","95.7","95.6","94.9","95","94.6","94.5","93.9","93.8","93.6",
"시멘트, 석회, 플라스터 및 그 제품 제조업","가동률지수(원지수)","","81.39","72.62","105.882","112.193","117.326","117.754","110.053","105.134","111.979","122.567","111.444","115.187","83.636","75.08","119.786","123.743","125.348","128.556","110.909","115.936","108.342","122.888","132.299","122.781","90.267","96.471","133.583","126.845","133.369","114.866","106.417","106.417","125.561","104.064","125.775","111.979","84.064","79.251","124.706","129.305","133.262","135.615","120.107","105.882","108.128","130.695","130.481","109.626","97.005","77.005","115.294","123.102","124.278","119.358","111.444","106.31","90.267","116.898","120.107","111.016","78.2","84.1","107.2","112.8","101.6","107.5","93.7","83.3","102","108","112.4","109.1","77.8","81.2","116.2","121.7","112.5","115.6","111.8","99.1","98.1","113.6","119.6","117.9","89.6","79.7","111.8","120.2","123.6","106.1","114.5","106.8","106.9","124.2","120.2","107.9","87.3","99.8","124.5","117.6","121.7","120.1","93.9","96.2","100.2","111.9","119.3","101.2","85.8","73.1","96.2","104.9","103.5","98.2","81.7","85","77.7","96.8","97","89.3","61.1","61.5","83.1","95.2","88.2","85","79.8","71.3","80.8","70.4","86.9","84.4","61.2","60.9","86.4","95.6","81.4","87.5","77.6",
"시멘트, 석회, 플라스터 및 그 제품 제조업","가동률지수(계절조정)","","105.831","108.242","98.656","98.64","103.765","103.844","110.859","116.104","117.32","110.081","100.886","113.446","109.707","108.088","111.475","111.473","111.684","113.867","113.899","122.904","115.26","109.285","117.613","117.564","125.367","127.891","124.444","114.359","119.605","102.344","109.019","113.225","113.345","114.364","112.134","111.31","105.277","113.867","116.152","116.64","120.24","124.211","122.981","112.959","118.365","116.436","116.497","108.311","120.609","109.272","109.684","108.745","107.982","109.808","111.803","113.783","99.285","104.017","107.273","109.109","105.7","105.7","99.8","104","90.7","97.1","94.1","93.4","99.4","106.7","102.5","104.4","97.1","114.2","108.2","107.2","103","102.6","112.4","108.9","106.8","105.4","106.6","112.2","115.3","107.6","106.5","105.6","108.7","98.6","117.8","115.1","116.9","112.7","107.1","100.2","116","126.8","116.3","105.4","111.8","109.5","96.8","103.7","106.3","107.3","106.2","97.9","103.3","99.9","91.9","93.8","93.1","91.6","82.6","91.7","87.4","87.8","86.3","86.3","81.9","78.5","81.2","83.3","79.3","81.1","80.8","78.6","74.3","75.2","78.8","79.8","73.4","84.8","82.6","83.6","74.8","81.7","80.4",
"기타 비금속 광물제품 제조업","생산능력지수","","95.989","95.798","95.989","95.893","97.517","95.989","95.893","95.702","94.078","94.46","94.365","94.46","118.816","118.72","118.72","120.153","120.248","120.344","121.299","121.585","121.203","120.057","119.962","119.866","118.529","118.72","118.911","115.282","115.473","115.186","115.186","115.186","115.091","115.186","111.079","112.321","111.079","109.647","104.68","104.489","105.158","103.916","104.967","104.394","104.107","105.635","101.815","102.101","99.522","96.657","96.371","96.657","94.842","94.651","93.123","92.168","92.168","92.55","93.41","93.792","94.8","97.2","98","98","98.1","98.6","99.9","103.5","102.2","103.1","103.6","103","112.5","103.1","102.9","98.2","98.6","96.6","94.1","94.1","93.7","90.6","90.8","87.7","84.7","87.6","82.8","78.1","78.4","74.9","73.7","71.7","71.8","72.2","62.5","74.5","72.3","72.8","73","74.6","74.3","73.9","73.1","73","73.4","72.4","72.8","71.6","71.8","71.5","72.4","75.4","74.8","74.1","74","73.9","74.1","74.6","74.3","74.2","73.6","74.8","75.5","73.5","73.5","75.6","77","77.2","76.5","77","76.7","76.4","76.8","76.2","79.7","66.6","68.9","69","68.5",
"기타 비금속 광물제품 제조업","가동률지수(원지수)","","53.36","47.242","86.861","104.012","119.659","133.701","97.994","92.778","106.72","116.55","110.632","134.002","46.138","44.835","76.329","92.377","100.602","118.154","82.347","89.468","89.87","111.334","120.963","117.954","51.655","49.047","86.459","105.918","122.568","136.108","90.371","91.274","123.17","82.849","130.692","127.783","53.059","49.448","95.988","105.216","119.458","128.285","105.517","86.058","105.517","128.987","139.017","121.665","68.305","58.776","91.976","106.219","120.863","120.662","104.714","103.21","100.201","124.173","136.008","129.388","58.4","58.4","99.3","113.5","115.8","122.8","79.5","71.9","118.4","110.6","125.5","125.8","71.5","74.8","101.3","116.5","118.9","146.5","120.2","95","106.4","128.6","140.6","146.2","71.2","54.6","103.4","136.8","141.2","122.7","126.2","114.2","127.7","141.9","175.5","127.8","58.2","68","115.5","125.4","152.4","147.2","107.2","112.7","136.5","154.7","163.5","141.2","71.7","72.3","107","137","150.3","165.1","80.6","138.1","123.2","172.4","168.9","154.3","51","55.4","92.5","134.8","135.1","140","117.9","95.8","130.3","108.6","152.8","133.2","48.7","49.7","96.6","85.8","116.9","142","103.9",
"기타 비금속 광물제품 제조업","가동률지수(계절조정)","","105.606","100.36","101.895","95.866","100.433","100.348","100.015","99.172","107.597","94.914","87.986","113.924","93.93","91.826","89.148","87.973","84.603","88.68","87.153","90.384","90.877","90.136","92.898","96.94","104.88","99.513","100.622","100.821","103.482","102.07","95.766","93.269","97.229","91.395","100.44","111.936","103.2","103.27","111.371","99.974","101.675","99.518","111.315","88.646","110.226","104.037","106.656","106.604","131.745","122.155","109.576","97.56","97.001","93.998","106.155","107.041","104.844","99.893","104.315","113.557","115.9","112.5","114","111.1","96.6","93.2","80","80.1","103.6","102.8","99.6","107","140.6","152.6","115.8","106.5","102.9","108.5","120","103.1","107.8","109.8","108.2","124.4","139.4","110.7","121.7","124.7","114.8","97.8","129.3","120.8","129.4","116.8","135","105.3","113.5","132.4","131.1","117.9","133.1","114.2","109.3","120.1","134.2","135.4","125.4","124.4","135.2","140","125.1","128.4","127.4","133.1","79.2","147.7","129.9","140.6","129.2","136.2","103.3","105.9","111.7","121.9","114.9","117.1","115.6","106.3","102.7","110.8","120.5","114","91.6","98.5","112.7","77.3","103.1","115.3","105.1",
"1차 금속 제조업","생산능력지수","","100.807","100.807","100.807","100.908","100.908","100.807","100.908","101.009","101.009","101.009","101.009","101.009","101.11","101.009","101.211","101.211","101.211","101.312","101.312","101.312","101.211","101.211","101.312","101.413","101.312","101.312","101.413","101.413","101.413","101.312","101.312","101.312","101.312","101.312","101.413","101.413","100.908","101.009","101.312","101.11","101.11","100.807","100.807","100.706","100.706","100.706","100.605","100.605","100.807","100.908","100.908","100.908","100.908","100.807","100.807","100.706","100.807","100.706","100.605","100.605","100.7","100.7","100.6","100.6","100.2","100.2","99.5","99.5","99.5","99.5","99.5","99.4","99.3","99.2","99.2","99.2","99.2","99.5","99.5","99.6","99.6","99.7","99.6","99.6","99.6","99.6","99.6","99.5","99.5","99.5","99.5","99.5","99.5","99.5","99.4","99.4","99.7","99.7","99.7","99.7","99.7","99.7","99.6","99.5","99.5","99.4","99.4","99.4","98.6","98.6","98.6","98.5","98.5","98.5","98.4","98.2","98.2","98.2","98.2","98.2","98.3","98.3","98.3","98.3","98.3","98.3","98.3","98.3","98.3","98.2","98.2","97.8","97.8","97.8","97.8","97.8","97.8","97.8","97.8",
"1차 금속 제조업","가동률지수(원지수)","","110.435","96.739","112.065","109.13","110.326","110.217","110.978","104.783","104.783","112.826","110.652","111.196","109.13","98.696","112.717","112.065","114.239","110","111.63","108.804","106.957","112.283","111.522","115.217","110.87","106.63","114.783","111.848","113.587","111.63","112.609","110.109","111.413","109.783","110.217","110.435","113.804","98.261","109.13","108.913","113.043","109.13","109.891","106.522","101.304","111.848","110.109","107.065","112.5","96.087","110.435","108.478","110.109","105.761","109.674","101.304","99.457","106.848","104.891","105.435","102.3","103.3","107.9","100.6","93","89.9","95.2","93.4","101","102.5","103.2","107.6","105.8","96.7","108.1","107.1","106.9","105.8","108.9","105.1","102.7","103.7","106.6","106.5","109.2","96.6","108.1","102.7","106.3","105.1","107.3","99.6","81.8","83.4","84.1","89.6","92","93.6","105.2","100.4","102.7","101","99.6","96.5","92.7","98.7","95.4","94.8","103.4","91.9","99.5","98","95.6","93.6","95.7","95.8","90.4","96.2","95.2","95","92.3","86.6","93.3","94.7","96.1","95","95.8","92.2","94.8","88.5","88.6","92.5","98.1","85.6","97.3","97.6","94.8","95.5","100",
"1차 금속 제조업","가동률지수(계절조정)","","106.911","107.415","107.96","107.138","107.392","109.049","108.526","108.791","109.957","110.066","111.091","109.544","106.277","108.577","108.79","110.987","111.347","108.994","109.87","111.009","112.148","109.692","111.125","112.655","113.617","111.121","110.909","110.999","110.798","110.73","110.745","112.099","111.698","113.956","109.861","109.661","109.568","108.65","105.56","108.236","110.376","109.161","107.969","108.246","106.726","109.774","109.771","106.433","108.092","106.114","107.703","107.076","106.022","105.811","106.898","102.735","104.688","105.064","104.685","104.87","104.1","106.5","104.4","100.7","90.3","89.2","92.7","95.9","102.6","103.6","103.8","106.2","101.8","106.7","104.6","105.5","104.8","104.1","106","107","107.1","103.7","106.6","105.2","107.6","103.8","105.4","101.2","102.9","104.9","105","100.5","85.1","82.9","84.3","87.8","93.1","97.3","101.7","99.7","100.9","100.1","97.6","97.3","95.9","99.6","95.7","94.3","98.3","100.7","96.9","97.2","93.3","93.2","93.2","96.5","94.6","95.9","95.7","94.5","93.3","90.5","91.5","93.1","93.9","95.2","93.3","93.7","94.1","91.7","89.8","91.4","93","94.7","94.7","95.9","93.4","94.8","98.3",
"1차 철강 제조업","생산능력지수","","100.402","100.402","100.402","100.503","100.503","100.503","100.503","100.603","100.603","100.603","100.603","100.603","100.603","100.603","100.804","100.804","100.804","100.905","100.905","100.905","100.905","100.905","100.905","101.106","101.106","101.106","101.206","101.206","101.206","101.106","101.106","101.106","101.106","101.106","101.106","101.106","100.603","100.603","101.005","101.005","101.005","100.503","100.503","100.503","100.402","100.402","100.402","100.402","100.603","100.603","100.603","100.704","100.704","100.704","100.704","100.704","100.704","100.603","100.503","100.402","100.3","100.4","100.3","100.3","99.9","99.9","99.9","99.9","99.9","99.9","99.8","99.8","99.7","99.6","99.6","99.6","99.5","100","100","100.1","100.1","100.1","100.1","100.1","100.1","100.1","100.1","100.1","100.1","100.1","100.2","100.2","100.2","100.2","100.2","100.1","100.6","100.6","100.6","100.6","100.6","100.6","100.5","100.5","100.5","100.3","100.3","100.3","99.5","99.5","99.5","99.4","99.4","99.4","99.3","99","99","99","99","99","99.1","99.1","99.1","99.1","99.1","99.1","99.1","99.1","99.1","99.1","99","98.5","98.4","98.4","98.4","98.4","98.4","98.4","98.4",
"1차 철강 제조업","가동률지수(원지수)","","110.315","96.417","110.423","106.84","110.749","111.292","111.183","107.709","103.366","112.812","110.749","111.075","108.686","97.286","109.772","110.315","113.681","108.903","111.618","110.206","106.84","112.052","110.641","115.309","111.075","105.972","113.246","110.966","114.224","112.269","113.138","111.944","111.183","111.183","109.989","112.378","114.984","99.349","109.555","109.012","112.921","109.663","111.292","107.709","101.846","110.966","109.446","106.623","112.269","96.417","109.663","108.36","110.098","106.623","110.641","103.257","100.434","106.08","105.103","106.08","102.6","103.5","108.3","100.9","93.6","88.9","94.6","94.7","101","102.6","103.3","106","104.6","96.2","106.5","105.8","106.3","105.1","110.2","106.8","103.5","104","106.9","106.4","110","96.7","107.6","102.6","106.3","105.1","107.9","99.1","75.6","77.3","78.9","85.9","90.4","93.3","107","100.9","103","102.1","100.7","97.2","92.3","98.9","95.5","95.8","104","92.4","100.5","97.8","93.6","94.3","96.1","97.2","91.5","97","96.1","96.4","93.8","85.4","93.3","95.3","95.2","94.8","96.7","92.7","95.1","88.4","87.7","91.6","99.2","86.2","96.6","96.8","95.6","96.1","102.2",
"1차 철강 제조업","가동률지수(계절조정)","","106.724","107.171","107.264","105.948","107.412","110.123","108.624","110.131","108.767","110.487","111.16","108.807","105.474","107.394","106.871","110.03","110.48","107.962","109.337","111.367","112.235","110.026","110.497","112.461","113.167","111.061","110.361","110.933","111.202","111.454","110.653","112.872","112.331","114.672","109.846","110.646","110.727","109.786","106.879","109.132","110.125","109.478","108.678","108.404","107.038","109.602","109.282","105.145","107.836","106.431","107.53","108.047","106.617","106.496","107.452","103.715","105.39","105.039","105.051","104.712","103.8","107.7","105.8","101.4","91.3","88.4","91.8","95.8","103","104.1","103.8","104.3","100.4","106.2","104","105.3","104.5","103.9","106.9","107.5","107.9","104.3","107.2","104.7","108","104.1","105.4","102","103.8","104.9","105","99.3","78.7","77.3","79.2","84.1","91","97.6","104.1","100.7","101.6","101.3","98","97.3","95.4","100.2","96.1","94.8","98.9","101.6","98.3","97.4","92.1","93.9","93.2","97.3","95.5","97.3","96.9","95.4","94","90","91.6","94.4","93.8","94.6","93.8","93.3","94.9","91.8","89","90.2","94","95.6","94.4","95.8","94.7","95.4","99.7",
"1차 비철금속 제조업","생산능력지수","","99.601","99.601","99.601","99.601","99.601","99.601","99.801","99.801","99.801","99.801","99.801","99.801","99.9","99.9","100","99.9","99.9","100.399","100.399","100.399","100.1","100.199","100.199","100.199","99.801","99.801","99.801","99.801","99.801","99.801","99.801","99.801","99.801","99.801","99.801","99.801","99.701","99.701","99.701","99.402","99.202","99.202","99.202","99.202","99.202","99.202","99.202","99.202","100.698","100.698","100.698","100.598","100.598","100.598","100.598","100.598","100.598","100.399","100.399","100.399","101.7","101.7","101.6","101.6","101.6","101.6","98.3","98.3","98.3","98.3","98.4","98.6","98.2","98.2","98.2","98.2","98.8","98.8","98.8","98.8","98.9","98.9","98.8","98.8","99.2","99.2","99.2","98.9","98.9","98.9","98.9","98.9","98.9","98.9","98.9","98.9","98.8","98.8","98.6","98.6","98.6","98.6","98.6","98.5","98.5","98.5","98.5","98.5","98.4","98.4","98.4","98.4","98.4","98.4","98.3","98.2","98.2","98.2","98.1","98.1","98.4","98.3","98.3","98.3","98.3","98.3","98.3","98.3","98.3","97.9","98","98","98.1","98.1","98.1","98.1","98.1","98.6","98.6",
"1차 비철금속 제조업","가동률지수(원지수)","","102.863","91.922","108.793","108.078","103.067","98.466","102.761","93.252","101.636","106.544","104.294","105.317","105.317","98.262","115.849","113.395","112.27","109.1","107.26","103.374","103.272","107.771","107.566","109.305","107.566","103.579","113.292","108.998","107.669","104.908","107.464","102.863","106.237","103.579","105.624","100.92","106.442","92.127","101.738","103.374","107.669","102.045","102.352","99.796","96.728","107.873","105.93","104.09","108.384","91.411","106.953","102.658","104.397","98.364","101.636","92.945","92.843","104.908","100.92","101.431","99.8","101.7","105.4","100.5","94.5","94.5","97.5","93.1","101","101.2","100.4","110.4","108.8","98.5","110.6","108.4","107.8","106.3","104.4","102.8","100.8","102.1","104.4","105.9","106.4","96.6","107.5","101","104.7","103.4","103.8","101.4","98.9","98.9","95.8","97.9","95.9","91.7","96.1","96.9","99.8","95.6","94.8","94.2","93.2","96.5","92.6","91.3","100.4","89.6","94","96.4","100.2","89.3","93.5","91.1","86.3","91","90.5","88.9","87.8","87.9","91","89.4","98.1","93.9","92.1","91.7","91.6","88.6","90","94.4","94.2","83.9","96.8","97.4","90.7","90","90.8",
"1차 비철금속 제조업","가동률지수(계절조정)","","99.853","101.15","103.079","103.948","100.919","97.986","100.647","98.394","105.394","103.836","105.42","105.971","103.148","106.866","109.953","110.505","109.834","108.611","106.457","106.381","107.035","105.021","107.599","108.599","111.011","106.585","107.783","106.396","105.109","104.48","106.86","105.647","105.134","108.287","105.795","102.606","102.407","101.354","96.985","101.053","104.998","102.857","101.908","102.286","101.572","105.121","106.219","105.733","104.008","100.556","103.357","99.322","99.359","99.058","100.138","95.059","97.533","102.292","101.338","102.887","102.2","103.4","100.8","99.7","91","94","96.2","97.4","101.8","101.7","102.1","110.5","105.2","108.4","105.9","105.1","104.9","104.4","103.2","106.1","104.6","102.2","105","106","105.7","103.3","104.3","98.1","99.3","104.1","103.9","103.2","102.7","97.9","96.4","96.9","97.7","94.3","92.2","95.3","96.9","95","94.9","95.8","96.7","96.8","93.3","92.5","95.5","97.3","91.5","95","96.1","89.7","92.6","92.5","90.7","90.1","91.2","90","90.3","90.2","89.7","87.1","93.9","95.4","91.4","94.1","90.8","90.9","91.9","94.4","89.4","91.9","94.5","95","87.8","90.3","91.3",
"금속 주조업","생산능력지수","","108.814","108.814","108.814","108.814","108.814","108.814","108.814","108.814","108.814","108.814","108.814","108.814","108.814","108.705","108.705","108.487","108.596","108.596","108.596","108.596","108.596","108.379","108.379","108.379","108.379","108.705","108.705","108.705","108.705","108.705","108.705","108.705","108.705","108.705","108.705","108.705","108.596","109.032","109.358","108.27","108.27","108.379","108.487","108.161","108.379","107.943","107.943","108.052","103.808","103.808","103.808","103.808","103.917","102.176","102.176","101.088","101.741","101.741","101.741","101.741","101.2","101.2","101.2","101.2","99.6","99.6","99.6","99.6","99.6","99.6","99.6","98.2","98.2","98.2","98.2","98.2","97.5","97.5","97.5","97.5","97.5","97.5","97.5","97.5","94.6","94.6","94.6","94.6","94.6","94","94","94","94","92.6","92.4","92.5","92.6","92.6","92.6","92.6","92.6","92.6","91.7","91.7","91.7","91.7","91.7","91.4","88.6","88.6","88.6","88.6","88.6","88.6","88.6","88.6","88.6","88.6","88.6","88.6","88.6","88.6","88.6","88.6","88.6","88.6","88.6","88.6","88.9","88.9","89.3","89.3","89.3","89.3","89.2","89.2","89.2","87.8","87.8",
"금속 주조업","가동률지수(원지수)","","133.85","115.504","139.664","136.951","128.682","135.401","132.946","107.364","128.811","132.3","129.199","129.716","124.677","114.47","134.109","126.615","125.711","123.385","124.16","109.432","118.088","127.261","132.041","132.558","117.442","122.351","135.142","128.941","124.289","126.615","122.222","112.274","130.103","113.695","127.649","119.509","122.61","104.264","128.811","125.711","131.137","125.84","118.088","114.212","109.432","135.788","129.974","120.413","128.424","106.718","130.62","129.587","129.328","119.897","125.194","103.618","108.527","121.705","114.212","108.656","108.6","105.7","112.6","97.3","81.1","84","93.5","79.6","102","106.8","113","115.8","109.5","95.8","117.9","117.5","110.2","113.3","110.8","94","101.3","105.4","112.3","109.9","106.4","93.2","119","110.7","112.9","112.9","113","100","106.7","115.3","120.2","114.8","101.2","108.6","122","112.4","114.2","112.7","106.8","96.9","98.2","106.4","108.6","98.3","110.1","96.2","109.5","112.2","111","102.5","102.7","97.1","92.7","108","104.5","101.4","91.5","101.4","106.2","110.9","103.4","104.2","101.3","89.9","105.3","92","96.3","99.2","101.2","86.1","110.8","111.4","102.2","110.3","109.7",
"금속 주조업","가동률지수(계절조정)","","129.367","131.276","129.922","129.098","127.975","130.891","130.763","126.839","137.005","123.605","126.841","126.258","123.976","126.353","124.508","122.71","125.154","119.334","125.365","121.974","126.672","118.086","126.176","125.831","125.831","125.17","125.221","125.048","123.786","122.482","123.175","124.902","125.202","124.617","122.05","120.209","118.18","118.553","119.053","122.033","130.568","125.187","118.76","126.873","120.337","126.95","124.393","121.491","124.583","120.428","123.803","122.473","121.633","119.356","122.343","114.91","119.632","113.724","109.445","109.924","116.8","104.6","103.6","97.2","78.3","81.4","91.4","93","101.6","107.6","111.6","114.2","108.3","108.9","108.3","110.9","109.2","106.8","108.3","106.6","108.5","104.4","108.2","108.6","109.8","101.6","112.3","104.4","105.8","112.4","113.5","110.2","114.3","111.3","116","110.4","109","110.3","111.8","108.9","113","108.9","107.3","106.6","103.8","107.3","105","100","106.1","106.2","103.1","108.6","106.7","101.9","100.4","106.8","102.1","104.5","101.2","103.2","100.6","103.7","102.8","104.4","99.3","106.3","99.1","101.6","100.8","96.9","96.1","98.4","97.6","97.6","104.2","104.9","100.8","109.5","110.5",
"금속 가공제품 제조업; 기계 및 가구 제외","생산능력지수","","114.319","114.901","115.134","115.483","116.065","117.811","115.949","116.414","116.997","117.579","117.695","118.626","118.277","117.928","118.976","118.277","117.811","117.811","119.208","118.044","117.928","117.928","118.626","118.044","113.97","113.737","114.901","114.435","114.552","114.086","114.901","114.785","113.155","113.038","112.34","113.97","111.525","110.594","111.176","110.477","110.244","109.779","110.244","109.313","109.779","109.895","110.244","106.403","104.54","103.376","104.657","104.773","104.54","104.657","104.889","104.657","104.307","104.424","104.657","103.609","101","101.4","103","100.3","99.5","99.7","100.7","99.8","100.4","99.9","97.6","96.9","95.9","95.4","94.5","92.1","90.2","89.1","87.4","87","86.4","85","86","85.6","86.2","84.3","84.1","82.5","82.2","82.1","82.4","82.3","82.2","82.3","82.2","82.5","83.6","82.9","82.9","82.1","82.5","82.4","82.2","81.9","81.8","82.4","83.2","83.2","81.7","82.3","82.6","82.7","82.4","82.5","82.7","83.1","83","83.5","84","84.3","84.7","84.7","84.6","84.5","84.9","84.9","85.4","84.6","83.5","83.5","83.4","82.8","81.4","81.3","81.2","80.5","80.2","79.9","79.2",
"금속 가공제품 제조업; 기계 및 가구 제외","가동률지수(원지수)","","97.597","87.356","107.001","106.165","100.418","108.568","108.255","99.06","102.612","109.195","112.957","114.629","102.194","92.163","111.808","101.881","111.076","112.33","107.001","99.373","108.464","106.688","113.48","120.481","100.627","100.627","110.24","108.046","108.673","114.525","108.777","105.329","115.883","99.582","115.256","102.194","107.001","85.684","105.016","107.419","108.777","105.538","109.718","101.672","94.775","113.48","116.196","104.284","108.777","86.52","106.165","108.359","108.777","101.567","108.882","97.388","97.492","109.927","108.568","105.956","95.1","95.7","108","98.4","89.3","95.9","103.2","85.4","103","105","111.5","109.4","101.8","91.2","110.9","112.4","107.7","116.3","112.5","98.8","101","109.6","117.9","120.2","106.6","99.8","118.8","118.1","118.7","114.9","114.6","107.3","113.2","117.9","125.2","120.8","103.8","107.4","119.8","115.2","117.6","119.7","112.3","107.4","111.7","114.5","123.4","115.2","117","101.1","113.9","120.6","121.4","116.5","113.9","105.2","109.8","116.8","118.2","114.6","97.4","106.2","111.8","114.4","105.4","106.1","106.2","98.3","112.9","98.3","109.8","117.6","107.4","92.7","119.3","120.4","113.6","122.1","118.3",
"금속 가공제품 제조업; 기계 및 가구 제외","가동률지수(계절조정)","","97.512","103.863","102.749","102.292","99.354","104.468","104.637","110.55","107.021","102.641","108.384","110.177","104.201","106.883","107.17","100.685","110.141","108.34","106.229","105.512","113.704","99.811","106.106","112.593","110.001","108.465","105.415","106.78","108","110.542","108.156","112.131","109.661","108.75","107.706","100.522","105.535","102.012","100.242","106.168","108.255","104.587","109.389","108.413","101.872","106.399","108.552","102.456","107.323","102.719","103.839","104.305","102.747","100.744","106.048","104.053","104.664","103.16","101.453","104.086","103.2","100.1","102.8","99.8","86.5","92.6","100.8","96.2","100.6","105.6","107","104.8","102.1","108.5","105.3","107.9","107","109.6","109.9","108.7","105.6","108.5","110.3","115","111.2","114.4","115.7","113.1","112.1","114.2","115","115.1","118.5","114","117.4","112.5","112.5","115.2","113.5","113.2","117","115.6","112.9","115.4","115.6","114.8","115.7","113","114.7","116.6","110.7","118.5","117.5","115.4","111.8","113","117.9","113.3","111.1","112.6","107.7","114.5","111.7","109.5","102","107.8","104.5","108.3","106.1","103.4","105.8","112.2","105.5","110.1","116.5","115.2","112.5","120.6","119.7",
"구조용 금속제품, 탱크 및 증기발생기 제조업","생산능력지수","","131.671","131.806","132.345","133.019","134.771","140.701","134.097","134.906","135.175","135.445","136.388","136.927","138.814","136.523","137.197","134.232","132.615","131.806","130.997","131.132","131.941","131.941","133.423","130.593","125.741","126.146","129.515","128.032","128.437","128.841","130.997","130.728","125.876","126.819","127.493","130.189","129.515","127.358","129.111","128.706","126.415","124.933","126.55","126.011","127.358","128.571","128.706","116.712","110.512","109.838","112.534","110.647","111.59","111.456","112.668","110.377","111.051","111.456","111.59","109.03","104.6","106.2","108.3","100.2","98.5","99","101.8","99","101.2","99","92.4","89.9","88.3","88.6","87.2","84.3","81.2","79","77.2","77","77.7","76.1","78.5","77.1","79.4","75.1","74.6","72.6","72.2","71.7","71.6","73.1","72.9","72.9","71.9","71.5","73.4","71.7","71.5","69.4","70.3","70.1","70","68.9","69.4","69.9","71.6","71.3","70.2","71.2","71.4","71.6","71.4","71.4","72.1","72.3","72.3","72.7","73.5","73.7","74.4","74.1","73.9","73.9","74.2","74.4","75.1","73.5","71.6","71.6","71.8","71.3","70.9","71.4","70.9","70.6","70.9","70.7","70.4",
"구조용 금속제품, 탱크 및 증기발생기 제조업","가동률지수(원지수)","","81.635","73.865","91.423","92.432","92.533","104.743","102.926","102.422","103.532","112.714","124.924","127.548","94.147","83.754","109.284","94.046","117.356","121.292","112.412","103.532","122.603","105.045","122.2","145.812","99.596","88.9","103.229","107.568","114.127","124.823","117.053","113.925","124.924","111.806","122.906","102.624","103.835","80.222","92.936","107.77","112.311","106.155","119.475","101.715","90.616","115.338","119.677","108.779","101.312","78.103","95.459","101.009","106.559","99.294","106.357","93.037","90.515","105.55","110.696","108.981","85.4","81.8","99.8","105.5","98.6","103.9","104.5","84.5","97","108.1","119.7","111.1","90.7","77.8","98.9","108.8","109.1","122.1","113.9","103","103.1","110.4","125.4","129.1","106.6","98.2","118.5","121.7","126","122.4","120.3","111","123.8","127.3","138.8","138.2","97.5","102.7","114.5","115.3","124.6","133.7","120.8","111.3","122.7","124.5","135.4","128.1","114.7","89.8","108","123.3","131","127.5","112.7","99.3","119.5","112.6","118.5","118.6","77","98.7","101.8","105.9","96.5","100.6","99.2","86","105.5","94.8","108","122.2","92.8","82.4","113.1","111.6","108.3","116.9","107",
"구조용 금속제품, 탱크 및 증기발생기 제조업","가동률지수(계절조정)","","88.13","97.602","95.157","91.487","90.483","97.936","98.514","113.213","106.397","99.854","113.263","115.304","104.289","107.489","113.317","96.005","114.898","113.496","110.821","107.779","126.443","93.397","107.375","127.175","116.676","107.629","106.469","109.72","111.96","116.612","115.228","119.316","117.342","117.131","107.919","95.283","111.223","105.828","95.395","109.826","110.295","102.089","117.841","107.108","96.652","103.613","105.195","100.713","107.875","103.331","100.753","99.475","98.068","95.32","101.748","98.718","96.319","95.284","97.534","100.781","99.2","95.7","101.8","110.5","93.5","96.4","100.2","96.2","93.6","104.6","109.3","99.3","99.5","102.3","100.7","106.6","106.3","109.7","109.4","114.1","106.1","107.4","111.1","115.3","120","125.1","124.2","119","115.1","116.9","119.5","119.7","127.2","120.6","123","119.3","112.9","123","115.9","116.3","121.2","123.1","120.4","120.7","126","122.2","120.1","117.8","122.3","113","112.6","124.3","123.1","120.8","109.1","108.2","126.5","107.5","105.3","108.7","92.7","116.7","109.5","103.5","90.3","98.2","96.5","97","98","96.8","99.2","108.4","98.9","106.3","117.8","109","104.4","110.5","107.8",
"기타 금속 가공제품 제조업","생산능력지수","","106.371","107.235","107.235","107.559","107.559","107.235","107.667","107.883","108.639","109.395","109.071","110.151","108.747","109.287","110.583","111.123","111.123","111.447","113.931","112.095","111.663","111.663","112.095","112.419","108.747","108.207","108.315","108.207","108.315","107.343","107.559","107.559","107.451","106.695","105.508","106.587","103.24","102.916","102.916","102.268","102.808","102.916","102.808","101.62","101.836","101.404","101.836","101.728","101.404","99.892","100.648","101.62","100.864","101.08","100.972","101.404","100.756","100.756","100.972","100.648","99.2","99","100.4","100.4","100","100","100.1","100.2","100","100.3","100.1","100.3","99.6","98.8","98","96","94.7","94.1","92.4","91.9","90.7","89.3","89.7","89.7","89.5","88.9","88.8","87.4","87.1","87.3","87.8","86.8","86.7","86.9","87.3","87.9","88.6","88.6","88.7","88.6","88.7","88.6","88.3","88.5","88.2","88.8","89","89.3","87.4","87.8","88.1","88.2","87.9","88.1","88","88.5","88.3","88.8","89.1","89.4","89.7","89.8","89.8","89.7","90.1","90","90.2","90","89.6","89.6","89.3","88.7","86.5","86","86.3","85.2","84.5","84.2","83.2",
"기타 금속 가공제품 제조업","가동률지수(원지수)","","107.288","95.606","116.506","114.684","105.466","111.468","112.004","97.642","102.787","107.824","106.86","108.039","107.395","97.535","113.934","106.967","108.039","107.931","104.502","97.749","101.072","108.253","109.218","106.752","101.393","106.217","113.719","108.574","106.431","109.968","105.145","101.608","111.897","94.212","112.004","102.358","109.218","88.96","111.79","107.717","107.503","105.681","105.038","102.036","97.428","112.969","114.898","102.358","112.755","90.89","111.683","112.326","110.289","103.001","110.504","99.786","101.179","112.433","108.039","104.93","99.4","102","111.6","95.3","85.2","92.3","102.7","85.7","105.6","103.6","107.9","108.7","106.8","97.2","116.3","114.1","107.1","113.7","111.9","97","100","109.2","114.5","116.2","106.7","100.5","118.9","116.6","115.8","112","112.3","105.9","109","114.2","119.7","113.9","106.6","109.5","122.2","115.4","114.8","114","108.8","106","107.2","110.4","118.5","109.9","118.2","106.1","116.6","119.6","117.5","112.1","114.6","107.9","105.8","118.8","118.3","113.2","107.7","110.1","117","118.8","110","109","109.8","104.5","116.8","100.1","110.9","115.6","115.3","98.2","122.5","124.9","116.3","124.7","124.3",
"기타 금속 가공제품 제조업","가동률지수(계절조정)","","103.72","108.836","108.145","109.212","104.909","108.67","108.739","109.452","107.924","104.174","105.298","106.853","105.697","108.507","105.648","104.219","107.752","105.543","104.077","104.718","106.739","103.698","105.129","103.02","107.656","109.102","105.321","105.826","106.398","107.737","105.018","108.97","106.262","104.917","107.758","103.446","104.017","101.523","103.476","105.041","107.639","106.184","105.234","109.417","105.093","108.032","110.436","103.405","107.722","103.159","105.753","107.049","105.408","103.717","108.501","106.946","109.061","107.413","103.763","106.045","105","102","103.2","95.1","83.4","90.9","101","96.2","103.8","106","106.1","107.3","103.3","111.3","107.4","108.5","107.4","109.6","110.2","106.2","105.5","109","110","114.8","107.7","110.2","112.3","110.8","111","113.2","113.3","113.2","115","111.4","115.1","109.9","112.4","112.2","112.6","112.1","115.3","112.5","109.9","113.3","111.4","111.9","114","111.2","111.6","118.3","110","116.2","115.4","113.3","113.2","115.2","114.4","115.9","113.7","114.5","115.2","113.6","113","112.7","107.9","112.8","108.6","114.1","110.3","106.9","109.2","114.3","109","111.9","115.6","118.4","116.7","126","126",
"전자 부품, 컴퓨터, 영상, 음향 및 통신장비 제조업","생산능력지수","","76.235","76.389","76.389","76.312","76.543","76.775","77.16","76.929","77.701","78.164","78.704","78.627","77.238","77.392","77.701","78.086","78.858","80.247","81.25","82.716","83.256","84.491","84.336","84.414","80.247","80.247","81.173","81.173","81.79","81.636","82.176","83.565","85.802","86.806","86.883","85.417","82.716","82.716","83.256","84.414","84.799","86.806","89.275","89.198","90.818","90.972","91.204","91.204","91.049","90.895","90.895","90.509","90.355","90.664","91.358","91.204","92.052","94.059","99.383","99.46","96.7","97.1","98.2","98.2","98.7","99.3","99.4","100","102.7","103.1","103","103.7","109.7","109.2","108.9","109.4","109.4","110.4","110.7","112","112.9","113.7","113.5","114.6","114.4","115.4","116.3","116.3","117.8","118.9","117.7","117.6","118.3","116.3","115.1","113.2","113.7","113.5","113.9","112.3","113.7","114.8","115","115","120.3","119.5","119.2","123.8","118.8","118.9","120.2","118.5","117.9","118.2","117.4","118","118.6","124.5","124.1","129.3","129.8","129.7","131.1","131.1","131.1","135.1","134.8","135","140","139.8","139.7","139.4","138","139.3","139.9","142.2","142.1","143.6","143.4",
"전자 부품, 컴퓨터, 영상, 음향 및 통신장비 제조업","가동률지수(원지수)","","97.889","88.543","96.683","97.889","98.593","96.985","94.874","102.613","113.166","114.472","107.538","96.683","94.673","87.739","96.784","96.683","101.91","105.025","99.397","99.598","100","100.402","101.005","93.668","98.291","89.749","101.91","93.568","96.985","91.96","97.487","101.005","103.116","104.02","100.704","101.407","98.693","91.357","105.126","101.709","101.608","106.03","108.04","105.729","104.221","109.749","99.196","96.382","85.126","78.995","90.452","91.759","98.794","102.714","104.422","107.839","108.141","108.744","103.92","103.317","90.8","90.5","102.7","89.1","96.1","103.4","97.5","102.6","108.6","101.9","106.3","110.4","96.6","92","104.8","94.3","101.5","104.8","108","111","113.5","112.7","114.6","120.6","107.1","101.2","115.7","105","104.6","105.9","97.9","92.2","92.6","92.8","88.2","86.6","75","67.4","88.9","82.8","89.5","93.9","86.8","100.6","105.7","99.8","103.9","100","89.8","89.5","99.8","92.4","100.9","108.6","99.9","110.4","109","106.6","107.7","111.6","94.1","88","107.8","95.5","101.9","105","102","105.4","116.7","94.3","99.5","105.7","87.7","98.5","108.1","96.9","95.6","101.7","98.3",
"전자 부품, 컴퓨터, 영상, 음향 및 통신장비 제조업","가동률지수(계절조정)","","104.787","101.747","97.446","101.29","98.312","95.002","92.485","99.417","108.26","108.661","103.793","94.277","101.636","100.866","97.546","100.7","101.877","102.63","97.274","95.799","95.863","94.981","97.263","90.785","106.218","102.723","102.639","97.997","97.203","89.633","95.671","96.782","96.456","101.138","96.954","98.309","106.21","105.178","105.73","107.183","102.056","103.332","106.427","100.964","99.413","104.298","95.521","93.092","91.505","91.125","90.952","97.156","99.043","99.812","103.025","102.667","103.092","103.393","100.035","99.389","98.8","103.4","102.7","95.3","96.7","100.1","96.7","97.9","101.5","98.6","102.6","105.6","104.3","105.6","104.3","101.1","102.9","100.5","107.6","105.5","107.3","108.3","110.3","115","116.7","116.2","115.3","113.1","105.8","101.6","98","87.3","87.1","89.1","84.8","82.1","81.4","76.9","88","89.7","90.9","89.6","86.9","95.3","98.8","97.4","100.1","94.8","97.8","102.4","98.7","100.5","102.8","103.8","100.8","104.3","102.1","103","103.6","105.6","103.1","100.6","106.6","104.1","103.7","99.8","103.1","99.8","106.6","93.7","95.9","99.3","95.8","112.8","106.5","105.8","97.8","96.7","99.9",
"반도체 제조업","생산능력지수","","54.126","54.072","54.126","54.072","53.909","54.072","53.909","53.203","54.289","54.506","55.266","55.917","55.103","55.049","55.32","55.375","56.243","58.578","59.609","61.835","62.541","64.387","64.441","64.495","63.952","64.007","64.224","64.169","64.224","64.007","63.844","65.201","68.187","69.164","69.273","67.318","68.621","68.73","69.164","71.39","72.258","75.136","78.827","78.773","81.107","81.433","82.139","82.953","82.41","82.302","82.41","82.139","82.085","82.41","83.659","83.713","85.396","88.436","96.091","96.363","93.3","94.8","97.5","97.5","98.4","99.5","99.7","100.1","104.5","104.6","104.7","105.5","114.2","114.4","114.6","114.6","114.7","115.3","117.6","120.2","121.9","122.8","123","125.2","126.8","128.5","129.6","129.4","132.3","134.2","134.9","134.9","136.5","136.3","136.3","136.5","136.5","136.5","137.3","137.3","139.7","141.8","141.8","142","151.1","150.5","150","158","153.7","154.1","155.8","153.9","153","151.4","150.1","150.1","151.1","161.5","160.8","171.2","172.6","172.5","174.8","174.7","174.7","181.4","181","181.3","189.6","189.4","189.3","188.7","186.6","188.8","190.2","194.4","194.3","197.1","197",
"반도체 제조업","가동률지수(원지수)","","69.304","68.609","77.13","78.348","80.174","79.478","81.217","89.043","111.391","104.522","104.522","99.826","83.739","85.043","85.913","93.217","103.739","113.217","101.826","99.304","97.478","99.739","100.261","101.478","100.174","86.87","95.913","86.087","97.13","92.261","94.348","97.478","96.087","99.565","92.957","101.826","90.174","88.783","102.609","101.304","98.174","107.652","107.043","99.739","101.391","105.217","95.217","92.87","78.783","75.304","84.696","88","95.391","104.087","103.565","104.957","104.957","106.261","104.609","105.739","92.1","91.5","98.8","87.5","100.4","105.1","97.4","101.8","106.7","99.4","105.7","113.5","93.2","92.1","105.3","94.9","104.9","111.7","113.6","116.7","117.9","116","117.6","124.9","113","106.6","121.4","110.8","114.5","116.6","102.8","90","90.8","90.8","82.1","85.9","70.2","63.1","89.4","82.4","93.1","95.7","87.1","102.1","107.7","95.3","102.5","105.2","88.3","89.8","99.9","88.9","98.3","112.7","98.8","107.7","105.4","101","107.2","114.6","93.1","85.5","106.7","93.5","100.9","109.3","100.3","100.4","113.2","87.4","93","103.4","81.2","98.6","106.3","93.5","91.2","101.7","92.2",
"반도체 제조업","가동률지수(계절조정)","","76.717","79.07","79.311","82.032","79.192","76.428","78.425","85.447","105.809","100.399","100.648","95.683","92.76","98.363","88.306","97.978","102.661","108.341","98.573","95.118","93.14","95.354","96.46","96.847","110.221","101.416","98.463","90.943","96.254","87.85","91.698","93.173","90.503","96.775","89.424","96.784","100.239","102.724","105.046","107.632","97.395","102.127","104.575","95.134","96.492","101.318","91.607","87.929","87.207","87.446","86.407","94.078","94.747","98.316","101.664","99.949","100.021","102.485","100.624","99.66","101","107","100.3","94.1","100.1","98.9","96","97","100.4","97.3","101.8","106.5","103.5","106.3","106.2","102.6","104.9","104.7","112.4","111.1","111.7","113.1","113.3","116.8","124.6","123.7","121.9","120.2","114.7","109","102.1","85.7","85.7","88.9","79.2","80","76.8","73.6","89.4","89.8","93.6","89.2","86.9","97.2","100.6","94.7","98.9","97.7","98.1","103.1","99.4","97.2","98.9","105.1","98.9","102.6","99","100","103.5","106.1","102.4","99","105.8","102.4","101.6","101.8","100.7","95.6","104.4","88.2","89.8","95.5","90","113.2","105.2","102.5","92.1","94.6","92.7",
"전자 부품 제조업","생산능력지수","","98.986","98.986","99.087","99.189","100","100.609","101.927","102.84","103.347","104.361","104.868","102.637","100.71","101.116","101.623","103.144","104.361","104.564","106.085","106.897","107.911","108.519","107.708","107.708","99.087","98.783","102.028","102.434","104.462","104.158","106.998","109.635","111.46","113.286","113.387","112.069","111.055","110.852","112.17","110.041","110.142","110.243","109.939","109.939","109.838","109.331","108.824","106.389","107.505","107.099","106.897","105.984","105.477","105.477","104.868","104.462","104.462","103.854","103.753","103.043","103.4","101.2","99.2","99.1","98.6","98.5","98.4","99.7","99.8","100.9","100.3","100.9","103.3","100.7","99.2","99.1","98.6","101.1","101.5","100.6","100.4","100.9","99.6","98.7","96.4","96.2","96","96.3","95.5","95.4","90.6","90.5","89.5","83.6","79.8","73.3","74.4","73.9","73.5","73","73","73.4","73.4","73.2","73.2","71.8","71.9","71.5","67.3","66.9","67.8","66.2","66","68.4","68.4","69.6","69.9","70.7","70.5","70","67","66.8","67","66.9","66.9","67.2","67.1","67.1","67.4","67.2","67.2","67.4","67.3","67.4","66.9","66.8","66.7","66.7","66.1",
"전자 부품 제조업","가동률지수(원지수)","","119.888","104.719","117.303","116.18","112.472","115.955","110.449","113.146","114.944","114.831","106.18","102.247","103.034","87.978","99.888","96.292","101.91","101.011","106.629","107.079","110.674","113.146","109.888","99.326","101.798","99.101","113.483","106.067","109.775","107.191","114.494","120.449","121.236","116.629","113.146","108.539","111.124","95.056","107.753","106.18","105.618","105.281","113.258","117.64","109.775","115.056","107.416","106.742","100.112","86.517","100","98.202","105.281","102.247","109.888","105.843","110.337","106.404","97.528","98.09","88.6","83.6","108.5","92.6","86.7","101.5","99.2","103.1","114.4","107.9","109.5","104.4","92.9","87.8","96.9","86.4","87.9","88.4","89.6","92.6","95.8","95","97.4","101.9","87.7","82.6","94.4","83.5","75.3","76.8","82.8","88.1","84","82.7","92.8","90.6","75.7","66.5","83.7","76.7","78.4","86.1","81.7","83.4","86.9","95.8","92.8","82","82.7","82.6","94.1","97.1","103","97.5","92.6","101.4","101.1","104.5","98.5","97.3","82.7","85.2","102.1","94","98.5","80.6","100.1","110.2","113.9","105.4","106.1","103.2","100.4","84.4","99.1","95.4","98","90.3","110.3",
"전자 부품 제조업","가동률지수(계절조정)","","123.446","121.451","116.246","118.188","113.038","117.756","108.306","108.681","110.294","107.526","102.924","102.288","106.152","102.062","99.224","98.51","102.723","102.893","104.241","102.568","105.501","106.118","106.678","99.05","107.818","112.095","112.863","109.304","111.132","109.433","111.678","114.662","112.38","111.817","109.692","107.485","115.768","109.639","107.377","110.25","107.305","107.388","110.3","111.51","103.381","108.184","104.137","105.163","105.079","99.539","99.542","102.944","107.58","104.197","107.022","99.94","103.531","100.077","94.413","96.175","96","93.9","108","97.6","88.7","103.1","96.8","96.8","106","102.6","105.7","102","99.3","100.7","96.2","91.8","90.2","89.5","87.7","86.7","89.5","89.3","94","99.2","95.7","93.5","93.4","89.1","77.7","77","81.3","82.4","78.3","77.9","89.5","88","84.3","74.5","82.7","82.1","80.9","85.8","80.5","77.8","80.7","90.5","89.3","79.2","90.8","94.5","92.6","104.3","106.5","96.3","91.7","94.5","93.8","98.7","94.6","94","93.4","95","100","101.4","102","79.1","99.7","102.4","103.6","101.8","101.8","99.8","111.3","96.3","97.1","103","101.4","88.3","110.1",
"컴퓨터 및 주변 장치 제조업","생산능력지수","","121.446","122.672","122.304","121.078","120.221","121.446","122.917","122.549","120.711","124.142","122.304","128.676","122.426","126.593","125.858","120.343","121.324","122.426","124.51","123.284","123.162","121.446","120.343","130.882","117.647","123.407","122.549","119.118","118.75","121.078","121.446","119.73","119.118","120.833","118.382","118.627","115.319","115.441","116.544","116.912","116.667","118.75","120.098","121.078","122.672","123.407","119.975","120.711","106.985","106.985","107.598","108.456","105.882","106.25","106.25","106.618","108.088","108.088","108.088","108.333","100.5","100.5","100.5","100.5","100.5","100.5","99.5","99.5","99.5","99.5","99.5","99.5","99.5","99.5","99.5","99.5","99.4","99.2","99.2","99.2","99.2","99.2","99.2","99.2","99.6","99.6","99.6","99.5","99.6","99.6","100","100","100","100","100","100","100.1","100.1","99.9","41.1","41.1","29.8","29.8","29.8","25","24.9","24.9","24.9","31.4","31.5","30.9","30.7","30.7","30.7","30.7","30.7","30.7","30.7","30.7","30.6","30.4","30.4","30.4","30.4","30.4","30.4","30.4","30.4","30.4","29.9","29.9","29.9","29.7","30.2","28.2","27.8","28","27.9","27.6",
"컴퓨터 및 주변 장치 제조업","가동률지수(원지수)","","167.328","133.722","138.156","125.088","115.169","120.887","95.099","93.116","91.949","106.068","97.55","116.103","108.168","104.317","126.604","117.97","115.636","130.572","121.587","110.385","107.351","117.62","107.235","117.27","110.035","135.473","140.49","110.502","93.116","120.07","108.985","87.281","96.733","81.447","99.883","91.949","96.499","88.331","106.884","98.833","94.632","103.501","97.55","100.35","81.447","91.715","92.649","92.649","113.536","89.848","115.286","98.833","93.816","94.282","103.034","94.749","95.683","94.049","86.814","94.049","107.4","95.7","103.6","83","87.5","98.8","99.3","97.1","107.2","112.6","108.2","99.5","113.1","123.9","135.5","113.9","139.5","132.9","129.9","123.9","102","116.2","127.8","104.8","100.3","113","98.3","110.5","97.1","105.7","119.3","96.6","83.4","86.6","79.8","82.1","54.8","67.8","77.6","130.6","136.7","212.5","209","247.8","233.8","253.2","200.3","183.6","192.3","222.5","277.4","173.9","209","253.5","209.8","185.6","189.5","132.7","116.9","154.7","128.3","188.9","226.4","187.5","205.5","223.8","230.1","228","227","196.8","206.9","211.7","159.1","159.1","183.8","186.1","191.4","194.8","181.7",
"컴퓨터 및 주변 장치 제조업","가동률지수(계절조정)","","162.756","145.019","120.472","120.22","120.779","116.564","88.473","102.614","98.887","103.276","101.51","119.469","108.809","109.636","109.75","117.094","120.737","124.387","116.08","114.132","116.075","115.152","109.728","117.649","120.025","131.758","121.024","110.451","96.809","112.861","103.911","89.485","96.211","92.496","103.291","98.274","95.792","94.708","91.604","99.624","98.027","98.719","92.86","102.017","91.382","90.093","96.768","99.906","114.109","95.586","101.152","97.738","91.425","88.728","95.305","95.38","107.493","92.348","91.502","102.483","120.9","89.2","87.8","87.7","87.4","89.3","91.8","102.6","110.3","117.3","118.2","106.4","119.5","131.6","114","114.6","142.5","115.6","119.9","126.3","111","120.9","136.9","113.2","111.6","115.5","84.3","112.3","93.2","96.5","113.2","95.1","90.4","87.5","86.2","86.9","64","64.8","64.2","137.8","138","187.1","198.5","243.5","252","262.8","217.7","207.1","203.9","229.6","234.8","185","204.3","228.2","193.8","182.2","209.4","133.4","127.6","175.5","156.1","181.3","196.4","195","200.1","206.1","212.8","229.9","222.1","210.1","233.2","234.5","171","169.3","154.4","194","191.2","173.7","172.9",
"통신 및 방송장비 제조업","생산능력지수","","173.693","174.216","174.042","173.693","174.042","174.39","174.913","174.216","174.39","174.564","174.39","174.042","174.913","174.739","175.087","174.564","174.564","174.739","175.087","174.739","174.39","174.739","174.913","174.739","157.491","157.491","157.317","157.317","157.84","157.491","157.491","158.014","157.666","157.84","158.014","158.188","105.923","105.749","105.226","106.969","103.833","104.007","104.007","103.31","104.007","105.575","104.53","105.923","105.226","105.401","105.401","105.401","105.749","106.098","107.491","105.401","99.129","99.652","99.477","99.477","99.7","99.5","99.5","99.8","100","100","100.2","100.2","100.2","100.3","100.3","100.3","100.3","100.3","100.4","107.1","107.1","107.1","91.9","91.9","91.2","91.6","91.7","91.6","89.8","89.8","95.5","95.4","95.4","95.5","94.7","95","95.6","95.7","95.7","95.7","96.1","96.1","96.1","96.1","96.4","96.6","98.2","98.2","98.2","98.2","98.2","98.3","97.7","98.5","98.5","98.6","98.6","98.2","97.9","97.9","97.9","97.9","97.9","97.9","97.9","97.9","97.9","97.9","97.9","97.9","97.9","97.9","97.9","97.9","97.9","97.3","97.3","97.3","98.3","97.8","97.4","97.4","97.3",
"통신 및 방송장비 제조업","가동률지수(원지수)","","137.081","110.526","104.545","117.943","131.818","111.603","103.349","132.656","121.531","160.048","131.459","73.086","109.45","93.062","121.292","107.057","94.737","86.483","72.727","85.167","84.809","74.402","89.833","55.861","86.124","75.837","99.282","96.651","70.574","56.1","73.565","78.589","94.258","105.144","110.167","94.139","116.866","95.335","112.56","94.019","118.66","106.818","111.005","123.086","120.096","139.833","111.483","102.871","79.426","80.861","102.273","100","110.167","85.526","84.689","152.871","137.799","150","123.445","95.933","73.2","101","120.8","92.2","83.9","90.9","89.4","109.7","112.1","107.5","108.4","110.9","154.5","105.4","129.2","118.7","111.3","87.9","117","121.9","145.5","150","149.1","154.9","114.5","102.5","137","118.2","108.8","97.5","96.1","137.9","152.7","164.8","143.1","71.6","144.7","129.5","102.8","101.7","74.6","70.9","68.6","120","128.8","140.3","147","85.6","116.1","91","91.9","87.4","93.2","76.5","121.5","165.9","168.9","168","139.3","117.4","135.4","118.9","118.7","109.7","104.2","90.7","108.9","145.8","160","151","164.2","129.6","137.9","127.3","149","140.6","143","116.1","138.7",
"통신 및 방송장비 제조업","가동률지수(계절조정)","","122.584","122.66","95.377","117.606","140.645","118.928","112.867","142.172","121.101","138.249","124.26","76.456","100.55","100.66","110.37","110.322","102.296","93.142","82.708","85.084","83.662","63.606","82.591","56.739","83.686","77.613","90.276","100.088","77.19","61.22","84.584","77.363","83.513","103.482","101.342","101.148","103.63","106.915","102.49","97.984","131.327","121.521","129.056","119.359","118.127","117.639","102.534","110.648","70.218","90.936","96.078","102.022","116.558","98.622","96.711","145.964","133.915","124.926","113.557","103.361","70.1","101.4","110.8","100.4","92.3","103.2","103.1","109.2","98.3","94.6","102.3","116.4","138.4","119","119.2","123.5","127","98.3","136.1","116.6","134.4","130.5","136.4","162.7","104.9","112.3","130.6","124.2","118.4","116.7","115.9","126.9","139.9","138.8","130.3","73.2","135.8","134","95.6","110.8","86.5","83.3","83.2","109.6","116.6","121.7","133.5","92.6","99.1","100.1","88.2","95.8","105.5","93.2","144.1","150.6","157.2","140.6","126.2","127.1","129","123.3","117.6","117.7","118.4","114.3","129.7","135.6","131.2","134.5","152.6","136.5","116.6","144.1","143.8","151.7","167.5","142.9","170.6",
"영상 및 음향 기기 제조업","생산능력지수","","188.976","193.504","194.488","194.685","194.882","194.882","194.094","197.047","199.016","202.756","203.74","204.331","178.937","185.039","185.039","185.827","186.22","185.827","185.039","186.417","184.843","185.039","185.236","182.677","170.866","170.276","172.244","172.441","175.984","176.378","175.394","174.409","175","175.591","175","175.787","121.654","121.063","121.063","120.669","120.276","120.669","120.472","120.276","120.866","120.669","120.866","112.795","101.969","103.937","102.953","103.937","104.921","106.693","102.953","103.15","102.953","102.559","104.921","105.315","96.2","98.9","99.1","99.1","98.8","98.9","101.5","101.4","101.6","101.5","101.4","101.5","105.4","105.5","105.5","105.5","105.5","105.5","106.9","105.9","101.8","101.8","101.8","102.3","104.7","104.6","104.6","104.6","104.5","104.5","100.9","95.3","95.3","93.6","93.6","93.4","95.1","95.1","94.7","94.2","94.2","90.3","91.7","91.6","91.6","91.6","91.6","91.8","93.2","93.2","93.2","93","93","93","93.2","93.3","93.4","93.4","93.3","93.2","92.5","92.5","92.5","92.5","92.5","92.4","92.6","92.6","93.2","93.1","92.9","92.9","92","92","91.9","91.9","91.9","91.8","91.2",
"영상 및 음향 기기 제조업","가동률지수(원지수)","","145.828","143.444","160.662","143.444","125.96","129.139","139.735","120.795","139.205","122.517","114.57","104.371","140.927","125.695","150.861","131.656","128.477","113.113","113.113","109.536","117.086","102.781","91.258","79.868","95.232","104.238","111.788","105.43","101.325","91.523","100.397","94.305","114.305","88.079","99.338","78.543","154.702","139.47","147.682","122.517","126.49","102.119","103.179","96.556","108.477","110.066","98.808","75.099","145.033","123.179","149.536","129.404","119.47","101.987","121.457","118.278","119.868","125.033","109.139","94.172","129.7","114.8","144.1","115.9","93.5","110.6","111.6","114","77.2","81.4","57.8","49.4","54.9","45.5","52.2","54.8","50.1","51.4","52.1","52","55.9","68.1","77.7","81.9","84.2","101.4","90.3","93.2","68.9","61.5","65.1","67.2","87.8","79.7","88.2","71.2","59.9","72.4","79.2","67.6","67.6","72.6","86.6","89.7","101.3","94.8","103.2","86.7","86.1","71","76.8","76.1","75.6","77.2","73.1","74.3","80.2","90","82.2","86.6","79.8","84.6","88.8","92.5","86.2","84.1","83.8","83.6","80.8","75.1","77.3","77.1","84","63.4","81.5","84.1","76.5","83.9","87.1",
"영상 및 음향 기기 제조업","가동률지수(계절조정)","","136.438","152.675","143.673","138.07","127.196","133.701","138.425","129.074","132.071","117.051","117.395","121.782","133.97","131.312","134.775","128.977","129.918","117.55","114.771","112.342","110.971","98.042","91.518","91.333","94.689","103.926","100.003","103.124","102.645","95.343","102.301","96.701","102.466","92.125","99.341","93.213","143.277","149.245","132.448","119.71","128.587","108.57","105.584","98.907","104.584","104.643","98.464","88.834","134.003","132.031","137.345","123.929","117.031","108.282","122.454","120.983","115.523","118.722","108.228","110.992","128.3","112.9","130.4","115.4","93.8","114.7","113","121.1","70.4","80.2","58.2","56.8","51.7","48.9","47.5","52.4","51.3","52","53","54","53","67.2","76.4","93.9","81.2","106.7","84.1","89","68","64.6","67.7","68.4","83.5","77.1","86.4","79.5","59.2","73","72.5","65.9","69.5","74.6","90.2","91.2","96.5","93.6","100.9","100.3","79.5","75.3","71.9","74.2","76.2","80.8","74.7","75.5","77.9","87.1","80.2","99.7","80.5","85.6","85","88.4","86.9","89.6","85.7","86.8","73","75.2","76.9","86.9","77.5","68.6","76.7","80.5","78.7","87.4","90.8",
"의료, 정밀, 광학 기기 및 시계 제조업","생산능력지수","","82.666","83.275","85.192","86.237","86.672","87.718","87.892","88.502","88.502","88.937","89.983","89.634","89.808","90.157","91.289","91.899","91.115","92.509","92.596","92.857","93.031","93.902","94.164","94.861","99.129","98.606","98.78","99.216","98.78","98.78","98.78","99.39","98.693","98.084","100.087","100.436","101.655","101.307","101.22","100.871","101.307","101.394","100.784","101.307","101.132","102.526","101.916","102.962","102.439","101.742","101.568","100.958","100.523","100.174","100.523","100.087","99.826","99.739","100","100.261","100.4","100","99.7","100","100.4","100.4","100.3","100.4","100.4","100.3","99.5","98.2","97.3","98.3","97.6","98.4","98.9","98.8","98.8","99.1","98.7","98.7","98.5","98.5","98.4","97.4","99.3","99","98.2","98.4","98","98.2","98.1","98","98.1","98.1","100","99.6","99.7","100","98.3","100.8","99.6","99.8","100.2","100.5","100.2","98.5","101.5","100.5","101.3","104.2","104.9","103.4","103.3","104","104.2","105.3","105.3","105.7","105.2","105","105.5","105.5","105.5","105.7","106.5","106.5","105.9","104.9","102.8","102.7","100.5","99.1","104.3","103.6","104.5","104.4","104.2",
"의료, 정밀, 광학 기기 및 시계 제조업","가동률지수(원지수)","","108.04","99.397","102.111","101.307","95.578","98.392","105.025","90.955","99.095","101.608","101.407","103.216","89.045","83.216","101.608","97.085","95.176","95.176","99.296","94.171","96.884","98.492","104.523","109.95","92.362","91.759","101.307","102.814","100.603","111.658","104.523","100.402","106.633","89.347","104.824","90.452","93.467","79.397","101.508","102.211","102.814","106.332","108.241","107.638","104.02","118.794","114.271","109.749","102.111","82.915","103.719","104.221","102.814","96.884","108.945","92.362","94.472","109.347","103.819","106.332","90.6","95.2","110.2","91.3","80.3","96.3","104","91.9","112.5","106.5","110","111.1","103.1","95.3","119.8","117.6","110.7","121","119.9","103.2","107.1","108.2","122.1","119.4","111.6","107.6","124.4","117.5","118.1","119.7","112.8","108","112.6","115.1","126.8","124.2","104","111.1","122.6","108.3","111.2","111.7","107.6","101.3","105.7","105.2","110.2","114.2","117.2","99","110.6","106","101.5","100.5","101.6","93.4","93","107.1","100.6","104.1","90.6","103.6","104.8","104.5","101.9","101","107.5","111.5","109.8","99","103","120.5","109","97.6","119.2","119.2","106.2","122.9","122.5",
"의료, 정밀, 광학 기기 및 시계 제조업","가동률지수(계절조정)","","106.621","116.435","98.114","97.349","97.313","96.319","99.224","100.498","101.087","96.205","99.298","99.74","90.379","94.598","97.247","96.18","97.119","93.195","96.807","97.98","99.008","93.442","99.453","102.701","101.285","96.261","96.501","101.906","102.906","109.314","102.112","104.638","100.439","98.004","99.875","89.418","91.59","92.893","96.202","101.408","105.393","107.274","106.102","112.428","109.619","113.51","108.977","108.009","99.969","96.636","100.892","100.386","99.386","97.763","103.97","96.73","99.586","104.782","99.148","104.205","99.2","96.1","103.6","93.7","80.2","94.4","99.5","102.5","108.9","108.3","108.4","105.2","103.4","110.4","112.2","113.6","114.1","114.8","115.2","112.2","109.7","110.7","116.8","112.4","116.3","119","119.4","113.6","114.7","120.6","112","114.3","115.4","114.5","121.7","113.2","113.1","114.1","113.9","108.2","115","109.1","107","107.6","108.4","108.4","105.7","110.3","113.4","109.9","105.5","105.9","102.1","100.9","98.3","99.1","98.6","107.1","96.9","100.6","100.9","105.9","102.7","101.5","102.5","104.6","104","122.5","103.9","104.5","102.2","112.6","105.1","111.4","113","115.9","110.1","123.8","122.1",
"의료용 기기 제조업","생산능력지수","","85.455","85.628","86.147","86.32","86.147","86.58","86.667","87.532","86.926","87.1","86.84","87.619","86.407","85.974","86.234","85.628","85.887","86.234","86.32","86.926","86.667","85.974","86.32","87.273","92.987","91.429","92.468","92.641","92.987","92.381","91.515","92.208","91.861","91.342","92.814","92.294","94.286","94.199","94.632","94.459","94.113","94.113","92.468","94.459","94.372","93.853","93.766","94.805","93.853","94.545","93.42","92.9","93.074","92.468","93.074","92.987","92.641","93.247","93.766","94.372","98.5","97.8","97.9","98.4","99.5","99.7","99.3","100.6","100.7","101.9","102.5","103.2","105","105.4","103.4","103.1","104.3","105.1","104.9","106.6","105","105.2","105.1","106.8","116","114","119.5","118.8","115.9","115.4","114.5","113.8","114","114.3","114.5","114.5","116.4","116.2","117.2","117.4","117.5","125.7","123.1","126.3","127.6","128.6","127.6","128.6","129.1","125.8","126.9","126.2","129.4","128","127.5","130.3","130.4","130","130","131.1","131.4","131.5","130.7","130.7","130.1","130.6","131.6","131.5","131.3","130.7","131.4","132","128.8","128.3","146.2","146.5","150.1","150.2","149.9",
"의료용 기기 제조업","가동률지수(원지수)","","86.698","86.977","96.279","92.465","88.186","97.581","91.814","84.372","92.558","97.767","96.837","104.744","85.86","79.07","101.674","95.256","100.372","100.372","98.698","100","103.256","107.163","106.326","109.86","86.977","91.349","95.07","94.977","93.86","102.605","94.698","89.023","103.721","86.977","97.767","94.977","92.372","81.953","103.535","106.14","103.163","107.535","110.233","110.605","102.512","115.907","112.651","112.837","108.744","89.86","111.349","114.326","107.535","104.744","105.581","99.442","108.372","110.884","114.233","122.605","98.3","102.5","109.7","88.3","85.1","92.8","94.2","88.7","109","97","115.1","119.3","98.5","96.7","126.5","116.9","114.8","128.4","126.6","113.4","121.3","124","140.7","141.8","108.1","112.1","121.7","120.3","116.1","128.5","122.7","114.2","129.6","123.8","137.1","144.2","109.6","126.9","133.1","114.7","119.1","119.2","111.4","107.1","116.2","113","121.8","126.2","116.4","115.1","119.1","125.8","120.6","123","114","89","97.3","102.2","107.4","114","95.4","106.3","108.5","110.7","109.5","117.3","116.4","95.6","124.4","104.7","112.7","135.4","110.4","101.1","113.1","107.2","99.6","117.4","112.4",
"의료용 기기 제조업","가동률지수(계절조정)","","90.864","101.642","93.576","87.326","90.059","94.268","88.718","93.382","93.377","91.765","92.136","99.973","91.739","90.062","98.53","92.552","102.957","96.964","98.124","105.198","104.331","100.613","99.248","101.329","99.522","96.54","91.798","92.682","96.704","98.938","94.548","93.76","94.471","95.393","91.646","91.166","95.514","95.251","99.602","104.008","106.634","106.137","110.539","116.802","105.563","110.058","105.878","107.343","112.575","103.56","109.571","109.601","106.161","103.192","103.617","105.509","111.478","105.737","107.63","115.777","111.9","104","105.1","89.1","86.3","89.1","92.6","99.3","102.5","99.1","111.4","109.4","103.5","110.7","121","112.6","119.5","119.9","124.5","124.8","122.1","125.1","133.1","129.4","118","122.8","119.1","116.1","115.2","125.5","123.7","123.3","130.5","122.4","129.9","128.1","124.2","129.8","126.7","113.6","124.1","113.2","112.2","116.3","116.1","116.1","115.5","117.4","119.1","126.6","115.9","124.9","122.6","119.4","112.1","97.2","100.9","101.8","102","106","110.2","108.3","108","107.4","111.2","116.3","114.5","107.4","113.4","113.1","109.9","122.8","112.9","113.1","109.7","104.1","103.6","113.2","113.3",
"측정, 시험, 항해, 제어 및 기타 정밀 기기 제조업; 광학 기기 제외","생산능력지수","","87.982","87.982","88.7","88.789","88.072","89.058","89.686","90.224","90.404","91.031","93.184","91.121","91.928","92.377","91.48","92.915","91.121","93.722","93.094","92.735","93.184","95.067","94.978","95.336","100.448","100.448","100.09","100.807","99.91","100.179","100.628","101.435","100.359","99.552","102.422","102.691","102.601","101.973","101.525","101.166","102.601","102.87","102.332","102.152","101.973","104.664","103.498","105.022","104.484","102.87","102.87","101.614","101.256","101.166","101.166","100.987","100.717","100.09","100.179","100.179","101.1","100.9","100.9","100.9","100.9","100.9","100.9","100.5","100.4","99.4","97.9","95.2","92.4","93.7","93.9","95.7","96.1","96.2","96.2","95.8","96.5","96.6","96.6","96.1","91.1","90.8","91.1","91.2","91.2","92.5","92.9","92.9","92.7","92.5","93.1","92.8","93.5","93","93","93.1","90.4","90.3","89.6","88","88","88.1","88.2","84.2","89.6","89.3","89.8","94.9","94.7","93","92.6","92.6","92.8","95.5","95.6","95.3","95.1","94.7","95.5","95.5","95.4","95.5","96.1","96","95.2","94","90.4","89.9","87.9","85.8","86.7","85.4","84.9","84.7","84.5",
"측정, 시험, 항해, 제어 및 기타 정밀 기기 제조업; 광학 기기 제외","가동률지수(원지수)","","107.505","92.3","90.253","93.47","90.448","97.661","110.721","86.94","94.932","97.856","105.458","102.144","91.228","78.363","98.148","92.495","89.376","91.326","96.394","87.719","93.47","93.372","105.166","111.696","92.3","88.791","101.365","103.119","100.39","118.129","111.501","103.801","103.411","88.499","112.768","83.723","92.982","74.951","99.61","99.123","101.365","106.725","107.31","105.361","106.628","123.977","123.587","116.179","103.801","77.875","98.635","96.491","98.83","90.643","114.522","88.889","88.012","116.374","104.094","103.704","86.2","91.4","111.6","93.4","75.1","97","109.5","91.9","114.3","113.4","109.7","106.4","105.9","93.3","116.9","120.3","109.5","118.2","116.9","95.9","98.7","99.1","113","106","112","102","124.4","112.5","118.4","118.1","111.7","107.2","104.9","110.2","124.5","116.6","103.3","105.1","121.3","108.7","111.6","112.3","108.5","99.7","102.4","102.3","105.8","110.4","121.9","89.7","106.3","94.1","90.4","87.2","92","95.5","90.3","111.1","96.2","95.9","84.3","100.3","100.2","98.1","95.8","90.1","102","122.3","100.9","94.5","96.5","112.9","108.2","94.7","124.9","128.8","111.1","129.4","132.2",
"측정, 시험, 항해, 제어 및 기타 정밀 기기 제조업; 광학 기기 제외","가동률지수(계절조정)","","101.237","109.8","86.038","91.221","92.122","96.226","102.465","97.375","97.954","93.066","104.435","98.651","89.083","89.992","93.159","93.37","91.066","89.993","92.448","91.542","96.613","89.119","100.314","104.075","99.066","92.748","95.679","103.847","102.379","116.475","107.008","108.59","100.071","97.559","107.503","83.892","87.36","89.312","93.432","99.694","103.497","109.137","103.298","110.468","114.772","118.978","117.795","116.253","97.322","92.723","95.353","93.526","93.893","92.803","106.74","93.337","94.832","111.961","99.311","103.547","92","91.7","103.3","97.5","74","95.8","102.6","104","112.8","115.3","108.8","102.2","102.5","110.4","107.6","116.7","112.1","112.7","110","104.7","102.6","103","108.2","101.6","113.4","114.6","118","109.3","113","121.4","109.6","113","109.2","110.8","119.4","107.4","109.5","108.2","110.4","109.7","114.8","111.3","106.7","105.2","107.4","106.2","101.6","109","113","101.3","99.9","95.1","89.9","89.8","87.6","100.8","97.5","112.1","92.6","94.4","92.3","102.7","97.5","95.6","95.5","96.1","97.3","133.9","98.3","98.6","96.4","106.9","100","110.4","117","125.6","115","133.2","131.2",
"사진장비 및 광학 기기 제조업","생산능력지수","","66.638","69.966","78.328","83.874","88.396","90.785","89.846","89.846","90.529","90.785","91.041","93.857","94.539","95.734","104.181","104.437","104.949","104.863","107.082","108.788","108.874","109.044","110.41","111.86","110.154","109.983","110.239","109.812","109.556","109.983","110.068","109.812","110.068","109.898","109.215","112.799","116.638","116.382","116.553","116.041","114.334","114.334","115.785","115.017","114.932","116.638","116.468","116.041","116.638","115.956","117.321","118.345","116.212","115.87","116.724","114.42","114.334","114.676","114.846","115.188","104.1","103","99.9","100.7","100.3","99.5","100","99.6","99.8","99.8","97","96.2","96.3","97.5","97","96.2","94.3","90.2","90.8","89.5","87.3","85.7","84.7","81.6","80.7","79.5","78.6","77.1","79.2","75.6","72.9","76.8","76.2","75.5","73.5","73.7","81.1","81.5","79.3","80.8","79.6","79.6","79.8","80.3","80.4","80.3","80","82.3","82","82.8","83.8","83.4","83.7","82.8","84.5","84.6","84.8","81.2","81.2","83.5","77","77.9","79","79.6","81.2","81.9","82.8","83.6","83.6","83.9","86","85.6","85.2","87.4","87.4","87.9","91.6","91.4","91.4",
"사진장비 및 광학 기기 제조업","가동률지수(원지수)","","156.186","151.546","157.603","148.84","130.67","104.897","115.206","120.876","129.639","125","99.613","106.314","90.593","110.438","116.366","119.072","107.345","100.515","113.273","107.216","98.325","101.16","101.546","107.474","109.021","106.701","120.619","124.871","122.423","113.144","105.928","119.588","130.155","101.289","94.588","107.345","100.258","90.206","104.253","103.866","108.763","102.448","107.345","109.278","100","108.505","85.052","77.835","81.959","83.634","103.351","106.186","105.541","99.356","98.969","88.144","84.149","83.505","79.253","78.093","83.3","85.4","104.2","92.2","91","108","113.9","106.7","117.4","106.3","88.9","102.9","106.5","101.5","107.9","104","100","105.3","108.6","103","95.9","94.4","94.5","101.5","119.6","117.4","131.3","130.6","120.5","92.5","79.6","87.3","88","105.9","98.3","87.4","83.1","76","82.8","76.9","72.5","74.3","84.8","84.1","77.9","87.9","84.8","82.9","88.2","83.5","96.3","90.8","84.9","83.4","101.3","93.4","86.4","97.6","93.5","105.7","109.2","107.2","114.1","116.7","104.3","99.2","98.4","97.2","98.5","98","98","98","99.5","95.6","95.3","95.3","93.2","89.6","86.3",
"사진장비 및 광학 기기 제조업","가동률지수(계절조정)","","159.068","163.477","151.084","140.814","131.022","104.786","112.015","122.303","129.71","119.845","103.95","109.186","93.673","117.042","110.91","114.804","108.04","100.652","112.22","104.505","98.729","97.007","104.046","108.22","113.972","111.466","114.436","120.464","123.595","113.607","105.067","116.496","121.524","108.628","96.917","111.819","101.052","97.298","98.551","100.239","110.166","105.037","106.599","106.484","102.9","103.917","87.146","80.862","82.347","90.028","99.287","100.585","103.443","102.24","96.674","85.975","86.771","79.88","81.129","80.972","86.2","87.2","98.1","90.5","91.2","109.5","111.3","108","113.6","106.4","92.6","104.6","108.2","108.9","101.4","98.6","102.3","105.3","106.2","102.6","97.6","93.1","96.7","103.1","122.1","125.1","125.2","123.8","119.3","96","79.3","85.5","89.8","102.5","100.5","87","85.2","79","77.2","74.3","74.6","75.9","84.6","82.6","79.4","86.6","86.7","85.3","87.4","88.1","91.2","87.8","86","86.7","99.3","91.9","90.1","94","95.6","108.6","113.7","111.4","109.7","110.9","106","105.1","96.5","97.6","93.6","100","102","98.7","98.3","102.6","89.9","90.5","96.6","93.2","86.1",
"전기장비 제조업","생산능력지수","","92.394","93.521","93.615","93.521","93.052","93.427","93.146","94.272","95.117","94.272","95.211","95.305","94.93","94.085","93.615","93.709","93.521","94.366","94.46","95.117","94.742","94.272","94.178","93.709","94.836","94.836","95.962","96.432","96.526","96.15","96.056","96.15","95.775","95.775","96.432","97.934","96.526","97.089","96.995","97.183","96.808","98.028","96.526","98.122","98.31","98.028","98.31","98.216","98.31","97.746","98.028","97.84","97.934","97.84","97.559","97.559","98.028","98.216","98.122","98.028","100.7","99.8","99.9","99.7","99.4","99.1","99.7","99.9","100","100.2","100.8","100.9","101.2","100.1","99.6","99.1","98.6","98.8","98.3","98.9","98.2","98","98.1","98.6","101.9","103","103.3","103.5","103.5","103.2","103.3","100.6","100.4","99.9","97.2","97.2","101.5","103.6","104.5","104.6","104.8","103.5","102.6","100.5","99.4","100.6","98.2","97.5","102.2","101.4","102.4","103","103","102","103","103.7","103.4","104.2","103.2","102.8","102.2","101.6","101.9","102.1","102.4","102.8","101.8","101.6","101.5","100.1","102","101.3","101","101.3","101.9","100.7","101.8","101","101.5",
"전기장비 제조업","가동률지수(원지수)","","92.582","86.053","103.561","99.901","92.384","102.374","101.484","91.691","101.682","104.451","101.978","108.803","97.033","90.504","105.44","95.549","99.802","101.583","98.813","96.142","102.77","107.913","111.771","112.265","92.977","96.241","107.616","100","101.682","105.638","100.099","100","111.869","98.417","114.738","104.55","98.615","89.416","103.759","99.11","101.583","101.385","100","100.396","94.659","107.616","111.375","104.748","98.615","85.262","102.671","103.759","103.561","101.088","107.122","97.23","100.396","110.682","108.605","113.056","91.2","89.7","102.3","94.5","88.4","102.8","103","93.5","108.7","104.3","107.6","114","100.9","93.4","112.1","107","105","111.4","112.5","104.9","103.6","109.7","115.1","120.8","101","95.2","107.5","105","107.8","109.6","110.1","102.2","111","111.3","115.4","123.2","103.5","105.2","115.5","105.7","107.7","110.2","102.3","99.7","104.8","102.8","103.6","109.7","100.2","92.2","100.9","99.9","101","103.7","99.7","92.2","94.8","101.1","99.4","109","83.1","97.9","103.1","100.4","95.8","103","101.7","94.1","107.9","92.4","98.5","109.8","96.7","87","104.7","99.4","93.7","116.2","108.8",
"전기장비 제조업","가동률지수(계절조정)","","94.98","98.762","99.531","99.378","92.923","100.169","99.27","99.569","101.538","98.3","97.117","104.299","101.506","101.892","101.286","97.196","100.659","99.37","98.612","100.404","103.179","101.132","104.51","104.779","101.893","103.309","103.388","101.967","102.831","103.258","99.869","104.472","103.433","104.134","107.451","100.87","101.224","102.314","99.697","101.358","102.927","101.049","99.617","104.944","96.729","101.432","104.483","100.562","101.034","97.552","100.613","104.27","101.095","100.673","104.486","101.725","102.794","104.375","102.104","108.053","100","94.3","98.3","99","88.2","100.5","100.3","101.7","103.5","104","103.6","106.6","105.5","106.5","107.4","107.7","107","106.8","109.2","111.5","104.2","108.2","109","112.8","108.3","105.8","105.3","105.5","105.7","109.1","109.8","107.8","111.7","108.5","109.3","110","113.8","112.4","110.2","108.3","110","106.4","101.6","105","104.6","103.9","98.9","102","103.5","102.6","98.7","102.6","101.4","102.3","97.4","97.8","97.3","98.8","94.7","100.8","93.6","104.1","103.3","101.1","96.5","103.2","99.6","102.1","99.8","96.5","95.6","98.8","99.9","98.5","102.7","99.9","96.3","114.3","108.5",
"전동기, 발전기 및 전기 변환ㆍ공급ㆍ제어 장치 제조업","생산능력지수","","95.424","97.371","97.468","97.468","96.008","97.371","96.495","96.787","99.416","97.858","98.442","98.15","96.787","96.203","96.689","96.787","96.981","97.663","96.495","96.981","95.618","95.813","95.521","96.008","97.76","98.345","99.708","99.026","99.416","98.539","98.929","98.734","98.929","99.416","100.487","101.266","100.389","100.292","100.389","100.195","99.708","100.389","99.708","100.292","100.389","100.779","101.266","100.779","99.513","98.637","98.929","98.734","98.539","98.053","97.955","97.76","97.858","97.76","97.76","97.76","98.2","98.1","98.7","98.7","99","98.7","100.9","101.2","101.2","101.5","101.9","101.9","103.3","103.1","102.9","102.3","102.3","101.6","101.2","100.9","100.2","99.2","99.1","98.9","97.7","96.8","96.3","95","94.7","94.3","92","91.5","89.7","89.5","88.2","88.8","90.6","94.4","94.7","94.3","94.7","94.6","94.7","94.3","94.3","93.7","93.8","94.2","94.4","94.3","98.5","100.6","101.1","100.3","100.4","99.1","99.3","98.9","98.1","98","97.9","97.7","97.3","98.5","98.2","98.8","98.9","98.6","98.8","98","101.4","101.6","101.4","101.6","103.6","101.7","101.9","101.3","102.1",
"전동기, 발전기 및 전기 변환ㆍ공급ㆍ제어 장치 제조업","가동률지수(원지수)","","94.462","94.148","111.494","106.792","100.731","111.912","107.001","95.611","107.315","105.12","103.866","115.465","98.851","96.447","110.554","100.418","107.21","110.24","101.985","100.731","106.583","108.359","115.047","122.78","91.536","97.597","111.076","105.225","107.837","112.957","105.538","104.702","112.957","98.642","119.54","115.152","98.746","90.596","107.106","101.567","103.344","104.911","98.119","99.373","96.238","104.702","111.076","109.091","91.745","81.714","102.821","105.016","110.867","107.419","110.763","105.016","107.941","111.285","113.898","119.645","92.1","92.6","106.4","98.6","85.2","103.9","96.8","88","106.5","97.3","106.8","125.8","92.1","87.8","103.1","96.1","96","104","98.8","89.8","90.1","102.8","108.9","122.1","95.6","90.1","104.4","104","105.2","114.9","116.3","103.3","115","119.6","129.4","145.7","103.3","102.2","110.3","104.8","108.8","113.5","113.1","101.5","112.1","112.5","110","127.1","105.6","96.7","106.5","100.7","102","111.8","102.2","92.3","99.6","108.6","103.3","119.4","83.9","102.5","112.3","106.6","104.4","117.3","108.5","101.9","119.4","103.5","107.6","121.3","100.2","95.4","112.8","107.1","102.6","132.3","112.9",
"전동기, 발전기 및 전기 변환ㆍ공급ㆍ제어 장치 제조업","가동률지수(계절조정)","","99.871","108.329","106.376","105.221","98.912","107.405","105.722","105.991","109.253","103.064","99.152","103.703","106.898","108.97","105.825","101.471","105.887","105.769","103.334","106.918","108.505","105.573","107.547","106.866","102.508","106.76","106.726","106.821","107.309","108.156","107.269","111.062","106.456","107.568","111.61","103.286","105.208","104.288","103.342","103.745","103.526","102.31","99.809","105.533","98.792","102.132","103.591","96.989","97.36","94.499","101.612","105.631","107.42","104.544","110.434","111.813","110.677","108.066","106.094","105.518","103.1","99.6","103.3","103.8","84.8","99","96.4","97.8","101.6","99","101.4","108","100.3","101.1","100.1","97.5","98.1","97","98.4","98.1","90.1","103.5","101.4","104.2","105.6","102.4","103.6","105.9","103.9","111.3","118.1","110.8","114.8","117.7","120.7","121.2","115.7","112.3","107.3","109.2","112.4","107.6","114.7","109.1","110.8","113.7","102.6","109.7","112.9","109.1","105.9","105.2","103.7","107.9","101.3","99.5","101.1","106.7","96.5","102.9","96.4","111.8","114.1","109.2","106.4","115.3","107.5","112.2","110.3","107","102.7","102.3","107.2","109.4","112.4","109.7","106.8","127.4","114.2",
"일차전지 및 축전지 제조업","생산능력지수","","87.76","88.281","88.368","86.719","87.5","85.069","86.719","88.542","86.372","86.545","84.809","84.896","85.677","82.292","82.031","83.333","82.639","83.681","84.288","87.934","87.5","86.632","88.715","86.892","88.021","88.108","87.413","85.503","88.628","88.889","89.67","87.5","88.368","88.194","88.628","92.795","91.493","92.708","92.188","91.406","91.146","92.708","90.451","96.441","96.701","94.878","95.92","95.66","97.917","98.958","100.087","99.132","98.958","98.785","97.83","99.306","101.302","101.997","101.736","102.083","106.9","103.3","100","99.1","97.4","98.5","97.9","97","97.6","98","101.5","102.8","101.2","98","97.7","97.6","96.6","98.5","97.6","98.6","99.9","101.4","102","104.8","128.2","128.1","133.9","138.6","139.2","138.9","142.2","127.7","131.1","129","115.2","114.8","135.2","137","138","139","137.9","130.5","127.4","119.3","114.3","119.9","111.9","106.6","124.6","118.8","111.8","112.9","110.9","105.9","110.5","121.9","117.5","123.3","119.1","119.4","120.1","115.5","119.7","114.6","117.8","118","117","114.4","114.9","115.4","114.8","115.4","118.4","119.4","111.3","110.1","108.6","108.1","108.2",
"일차전지 및 축전지 제조업","가동률지수(원지수)","","92.075","75.755","92.547","93.491","87.264","92.453","96.415","93.113","101.132","106.509","100.849","100.472","99.811","90.566","103.396","97.83","105.66","102.736","107.736","101.604","101.604","105.849","103.962","100.094","95.283","95.755","108.302","101.509","100.566","104.528","104.151","100","108.113","99.34","108.962","101.604","100.66","87.642","101.698","97.453","101.604","99.434","106.132","99.906","90.283","108.679","104.528","103.962","108.774","90.849","102.17","103.396","99.434","96.038","113.396","98.019","93.774","99.151","103.774","105.283","90.1","89.2","99.5","96.3","94.2","100.5","102.2","97.7","106.7","108.7","107.2","107.8","106.7","104.3","123.3","114.4","117.7","119","119.8","114.3","109.4","105.8","115.9","126","94.7","85.5","101.8","94.7","100","102","111.5","107.9","111.5","108.3","102.2","112.4","103.1","104.3","118.3","103.9","102.7","107.4","81.8","91.9","93.3","87.9","81.7","81.5","75.9","69.9","78.5","78.2","75.6","82.3","78.1","72.4","77.4","70","71.4","72.2","64","66.6","75","73.5","68.7","73.2","69.1","65.3","74.3","63.6","73.1","80.7","74.6","65.3","79.8","75.7","78.1","83.7","80.1",
"일차전지 및 축전지 제조업","가동률지수(계절조정)","","92.984","86.602","90.114","94.524","88.084","90.974","92.821","96.352","100.107","100.323","97.624","100.344","101.728","102.393","100.188","100.104","106.877","100.913","104.685","102.742","101.141","99.938","99.741","98.55","102.598","102.346","104.423","103.921","101.775","102.512","101.045","101.12","100.546","103.542","104.962","102.115","101.035","100.224","97.564","99.881","102.867","98.51","102.768","101.118","91.336","103.642","101.092","104.173","109.195","103.741","98.706","104.815","98.454","94.884","108.328","99.309","94.989","95.047","100.802","105.193","96.9","94","94.5","99.9","94.5","97.8","97.5","101.5","102.5","109.2","105.8","106.1","108.5","119.2","116.6","115.7","119.4","114.1","114.3","117.5","109.7","104.8","113.7","123.6","99.3","94.9","97","95.6","99.3","99.8","107.6","109.9","111.8","106.4","100.6","108.6","111.5","111","111","105.9","104.3","103.5","79","93.8","92.7","88.4","80.7","80.5","76.7","78.8","74.2","79.6","75.9","80.1","74.6","74","78.4","69.2","70.8","71.2","69.9","71","71.7","73.9","69","72","66","67.6","68.9","67.1","73.5","78.5","75.5","74.3","75.3","75.9","79.5","81.2","77.5",
"절연선 및 케이블 제조업","생산능력지수","","94.732","96.223","97.913","96.62","96.819","97.913","97.714","100","100.795","102.584","104.672","106.759","106.362","106.064","104.672","104.175","104.473","104.672","105.467","106.759","109.742","107.058","101.392","101.193","99.006","96.918","99.006","98.708","101.491","100.696","97.813","96.322","94.732","93.141","94.036","94.135","92.545","94.036","94.732","94.433","92.445","93.936","94.235","98.012","99.404","96.62","97.117","99.105","100.994","98.807","96.521","97.913","99.503","102.684","101.491","100.795","101.193","101.491","102.087","100.497","99.3","101.7","106.3","109","107.4","103.5","98.7","97.9","97.1","96.8","91.9","90.4","88.5","84.4","80","77.9","75.1","76.6","76.8","77.7","76.9","74.5","74.3","73.5","73.8","73.4","70.7","69.9","71.4","72.9","75.9","75.2","73","72","72.1","69.6","71.3","69.6","70.9","70.4","70.9","72.5","72","72.5","73.4","73.1","72.7","72.2","76","75","73.1","69.4","66.6","67.1","68.7","70.5","70.3","68.7","69.3","68.7","69.3","68","66.4","68","68.5","68.6","68.7","68.7","67.3","64","61.5","58.8","55.9","56","57.1","59.6","60.5","59","59.4",
"절연선 및 케이블 제조업","가동률지수(원지수)","","98.525","94.204","121.391","110.537","100.211","123.182","109.905","92.097","97.893","103.056","104.11","109.273","100.843","90.2","114.963","96.944","100.421","106.112","99.789","89.779","94.626","101.37","114.331","114.015","100.843","106.744","122.972","115.595","109.273","117.914","108.008","102.529","118.546","98.419","113.804","111.802","109.062","93.783","116.754","110.011","112.75","111.38","104.742","100.421","95.047","110.221","113.804","106.112","102.213","87.25","107.271","110.432","104.426","102.424","109.8","94.415","102.529","114.015","115.385","111.591","95.9","103.7","105.1","95.6","91.8","96.4","103.1","86.1","98.9","100.5","111.2","111.7","101.4","98.6","121.1","124.2","122","123.6","120.4","101.9","114.4","126.1","137.5","142.3","126.4","119.9","146.6","140.4","144.1","139.2","127.4","118.4","129.9","133.4","145.3","144.7","124.1","128.6","137.7","131.6","136.5","127.9","129","120.2","122.8","127.2","134.8","149.9","126.3","113.2","135.7","137.7","145.6","131.9","135.7","124.6","120.2","133.4","135.4","137.2","120","134.8","138.4","144.7","131.2","134.7","137.7","117.8","141","126.1","136.6","158.8","157.1","135.5","159.3","152.1","137","164.6","152.1",
"절연선 및 케이블 제조업","가동률지수(계절조정)","","98.694","107.964","110.886","105.772","100.809","113.39","108.249","105.738","104.025","101.448","102.517","103.227","103.416","100.558","104.888","94.97","101.11","98.76","100.847","98.263","100.313","99.34","109.097","105.07","109.484","112.327","112.247","112.913","109.936","111.399","108.936","112.691","114.835","109.992","107.828","108.397","108.897","107.659","106.719","107.158","113.245","109.584","105.41","110.818","102.509","106.733","107.327","102.635","102.818","99.924","100.694","104.725","99.27","102.017","107.501","104.587","110.822","109.54","108.283","107.77","105.2","106.3","96.4","95.3","89.1","94.5","100.8","100.7","98.4","102.2","106.9","104.8","104.6","113.3","111.3","117.6","120.8","118.8","117.6","116.1","121.2","127.3","128.9","133.2","134.6","132.7","138.9","132.7","134.9","141","127.9","131.4","137.8","131.8","136.9","131.5","136.3","133.8","127.4","127.4","134.3","125.8","129.8","132.9","129.6","130.3","127.6","143.3","126.6","125.1","129.2","133.1","139.6","132.7","133.3","137.4","130.8","133.1","128.8","130.8","134.2","140.2","135.4","136.1","126.1","138.5","135.4","132.9","137.2","133.9","133.9","147.3","157.3","153.4","152","142.9","135.2","164.8","153.5",
"전구 및 조명장치 제조업","생산능력지수","","95.777","94.626","95.393","97.217","97.025","96.065","96.353","97.697","97.409","94.05","94.434","95.873","96.449","95.777","96.353","97.121","97.313","98.177","100.96","97.793","99.232","96.641","98.369","97.217","99.328","96.929","98.464","104.127","99.328","99.232","98.56","99.712","99.136","98.752","99.52","101.248","101.727","101.919","101.44","99.52","101.344","104.415","103.455","103.935","103.359","102.687","102.207","101.919","101.823","101.344","101.631","102.111","102.015","101.344","101.344","100.48","100.768","101.056","101.152","100.288","99.8","99.6","102","99.7","100.1","99.9","100","99.9","99.8","99.5","99.8","99.9","99.9","99.8","99.8","98.6","98.6","98.2","95.9","94.7","95.1","93.2","93.6","93.8","101.4","100.1","100.6","99.3","99.3","98","100.1","99.5","101.9","101.9","101.8","102","100.3","100.5","104","105.2","107.2","108.5","106.1","104.7","103.2","105.3","99.2","101.4","99.5","104.7","102.3","99.1","101.8","102","104.1","101.5","103.4","109","109","105.8","101.2","103.3","105.1","105.1","105.6","105.1","102","104.7","104.6","98.3","101.8","101.8","101.1","101.4","105.3","103.1","112.6","110.7","110.3",
"전구 및 조명장치 제조업","가동률지수(원지수)","","94.867","86.575","97.532","100.592","91.905","103.258","101.382","87.759","96.644","102.073","105.429","116.584","99.704","96.644","110.464","105.923","98.421","111.155","103.949","93.189","101.777","113.425","116.387","130.207","104.146","105.726","110.76","101.777","106.022","113.722","101.876","97.038","114.808","107.7","133.959","114.116","104.245","93.189","105.035","104.344","106.713","107.108","106.417","102.27","100","116.683","124.58","120.039","102.962","84.6","103.06","105.824","110.267","108.095","107.7","88.351","93.682","112.142","112.34","125.568","91.4","89.4","106.5","100.3","91.3","111.2","107.5","84.1","105.8","104.7","102.7","105.1","96.4","89.9","105.1","96.5","86.7","96.8","95.7","83.9","89.4","92.3","96.8","116.8","79.5","75","85.1","85.1","85.9","90.2","85.3","80.7","76.4","83.4","92.6","103.7","79.6","86.8","96.3","87.3","87.3","93.6","87.2","84","90.5","87.1","107.4","106.6","93.4","83.4","93","99.5","96.6","95.2","92.4","96.7","91.2","95.4","93.9","108.5","85","94.7","97.4","96.2","90.3","98.9","96.6","96.3","97","87.3","97","106","91.9","79.5","100.9","93.1","77.8","101.6","95.5",
"전구 및 조명장치 제조업","가동률지수(계절조정)","","93.974","98.145","95.28","97.727","93.733","99.472","100.093","102.125","101.102","97.525","100.708","102.883","102.121","106.794","107.988","105.974","100.178","106.665","105.167","103.867","107.41","106.854","108.428","111.555","116.019","108.448","108.492","102.456","107.828","108.686","102.904","108.267","110.007","116.568","124.693","102.025","104.329","107.383","102.925","105.651","108.596","104.653","107.009","113.784","107.372","109.856","115.941","107.273","104.714","96.594","103.162","105.088","107.402","105.445","105.381","97.836","100.868","105.48","104.598","112.233","103","90.4","103.5","104.6","91.3","105.9","105","97","104.1","105.9","97.9","91.8","98.8","105","101.3","96.2","89.2","89.9","93.7","94","93.5","92.6","90.4","101.9","85.7","83.2","83.3","85","84.5","87.6","85.9","87.8","79.6","82.5","86.5","88.4","90.2","89.2","91.8","89.1","90.2","88.6","88.3","90.9","93","90.2","100.5","95.2","93.4","94.6","90.5","101.6","97.4","92.2","91.9","104.1","97.4","95.3","88","96.9","96.8","98.5","97.2","95.8","91","98","96.4","105.8","91.7","94.2","93.2","92.5","91.9","91.7","98.3","92.6","80.3","98.4","97.6",
"가정용 기기 제조업","생산능력지수","","95.703","96.484","95.313","95.996","96.289","97.168","96.387","98.242","97.852","98.242","102.539","101.66","102.637","102.637","99.414","97.852","96.387","98.438","99.414","99.512","99.219","99.609","100.195","98.242","100.195","100.977","102.246","104.492","103.516","104.004","104.102","106.445","104.59","104.59","103.711","106.25","101.66","102.637","102.441","105.078","104.98","105.078","100.586","100.488","100.391","100.195","100","100","99.219","98.633","98.828","98.535","98.73","98.633","98.73","98.828","98.828","98.73","98.633","98.73","99.9","98.4","98.5","98.5","98.6","98.5","98.9","101.5","101.7","101.8","101.9","101.8","102.9","102.8","103.5","103.5","103.4","103.3","103.5","107.4","103.1","103.5","103.5","103.6","103.3","108.1","107.5","109.2","108.5","107.7","107.4","106.9","107","107.1","107.1","106.1","108.1","108.2","108.1","108.1","108.1","108.1","107.9","107.5","107.6","107.7","107.5","107.3","110.6","110.6","110.8","110.7","110.7","110.7","110.6","110.6","110.6","109.1","109","108.7","107.1","107","107","107","107","107.1","101.5","101.6","101.5","101.2","101.2","96.7","96.2","96.2","96.1","95.4","95.7","95.8","95.9",
"가정용 기기 제조업","가동률지수(원지수)","","89.464","75.568","92.371","87.193","76.567","81.835","92.371","85.922","96.549","110.718","102.816","98.547","86.83","75.931","89.827","78.747","78.565","75.658","82.107","84.105","101.726","111.898","113.715","86.83","85.195","84.923","91.826","82.561","81.471","80.926","80.381","88.102","106.903","93.188","100.272","74.569","89.464","81.926","89.918","84.741","87.103","84.65","92.552","92.098","90.645","109.9","109.446","85.468","98.456","84.832","95.64","89.01","84.923","86.921","87.103","75.477","93.188","107.175","97.548","81.017","85.5","76.9","97","83","88.4","100.6","113.2","97.8","120.8","121.3","112.6","102.8","101.9","85.3","115.5","121.6","106","111.1","129.2","111.2","124.9","137.6","132.2","101.3","120.1","109.2","110.6","110.3","114.9","98.4","96.2","82","102.5","93.9","89.9","75.4","86.4","91.6","95.5","89","91.3","83.4","92.7","92.3","97.6","96.1","101.5","84","100.6","95.6","88.5","95.1","106.9","88","100.4","92.6","87.6","103.5","89.5","90.9","82.8","95.1","85.6","87.1","82","69.9","101","79.6","97.4","74.7","79.7","77.1","83.8","68.1","76.3","81.6","69.3","80.2","103.5",
"가정용 기기 제조업","가동률지수(계절조정)","","90.027","88.214","90.257","88.499","81.772","86.712","90.395","93.171","89.362","89.441","92.892","110.442","89.836","85.232","87.597","83.164","83.975","80.081","83.116","84.938","94.419","91.155","99.549","92.897","92.005","90.06","89.476","87.247","86.992","85.528","81.054","89.323","89.726","91.787","88.517","85.683","88.837","92.959","87.504","89.588","92.565","93.064","92.911","93.509","88.891","90.637","97.388","98.029","95.589","96.649","96.712","90.522","83.028","95.581","83.928","76.705","91.868","89.335","87.643","92.768","90.1","76.4","94.5","90.8","89.2","106.6","108.5","107.4","107.4","109.7","106.3","113","103.5","93.2","112.4","122.7","110.8","113.4","123.2","117.9","119.9","126.3","121.6","111","123","116.6","111.5","110.6","110.9","108.4","94.8","84","98.7","83.8","83.7","79.3","89.2","92.4","92.5","92.3","94.8","88.6","91","94.8","94.6","89.4","95.4","95.3","96.9","98.5","89","98.1","106.5","97.4","94.5","95.2","87.9","93.8","84.5","103.4","89.8","93","89.4","86.2","81.4","80.6","95","85","84.6","73.1","78.5","84.5","80.5","71.8","76.6","80.5","71.2","89.3","101",
"기타 전기장비 제조업","생산능력지수","","43.917","43.917","43.917","43.917","43.917","43.917","43.917","43.917","43.917","43.917","43.917","43.917","43.654","43.566","43.698","43.654","43.654","43.654","43.654","44.532","44.532","44.576","44.664","44.664","43.083","43.083","43.127","43.083","43.742","43.742","43.786","43.786","43.874","43.786","43.83","43.83","47.606","49.495","49.495","49.495","49.495","53.535","53.535","57.971","60.255","62.582","62.582","62.582","65.042","65.042","67.589","66.842","66.842","66.842","66.842","66.842","66.842","66.842","66.842","66.842","100","100","100","100","100","100","100","100","100","100","100","100","100","100","98.4","98.4","98.4","98.4","98.4","98.4","98.4","102","102","102","102.6","130.3","130.3","130.3","130.3","130.3","133.7","133.7","133.5","133.5","133.5","137","136.6","139.9","139.9","139.9","139.9","143.1","143.1","143.1","144.5","147.8","147.8","147.8","148","133.7","133.7","133.7","133.7","133.7","133.7","133.7","133.7","133.7","133.7","133.7","133.6","133.6","133.6","133.6","133.6","133.6","133.6","133.6","133.6","133.6","133.6","130.6","128.9","128.9","128.9","128.9","128.9","128.9","128.9",
"기타 전기장비 제조업","가동률지수(원지수)","","70.228","65.2","88.924","81.461","75.648","76.669","83.346","80.754","90.888","66.064","63.001","100.55","114.533","73.92","98.979","79.183","97.251","80.676","92.223","114.925","100.471","104.949","80.204","119.717","98.586","87.196","101.021","70.778","119.874","97.879","106.834","127.494","124.666","99.843","96.622","99.057","102.985","110.134","119.246","123.095","128.123","126.551","120.817","196.072","104.713","90.652","109.976","121.445","123.959","112.019","142.577","163.551","115.161","106.441","131.579","156.795","94.187","202.278","105.892","245.405","103.6","93.2","87.7","76.1","67.4","110.2","117.1","135.2","117.3","79.5","103.3","109.5","150.4","107.1","109.1","96.6","113.6","141.5","148.9","210","121.2","98.9","100.9","122.5","87.4","121","112.8","99.3","102.9","104.6","103","158.9","134.5","118.9","114.1","121.6","146","149.3","165.1","137.7","151.7","143.9","159.5","140","117.1","113","129.8","147.2","117.4","120.7","149.2","147.6","114.7","137.4","120.6","103.8","99.2","102.5","193.6","199.4","89","156.5","140.1","134.4","118.4","146","125.5","149.8","131.2","103.9","100.7","147.7","97.8","79.5","148.7","90.3","109.3","172.5","182.4",
"기타 전기장비 제조업","가동률지수(계절조정)","","73.627","72.778","83.45","83.269","71.968","74.132","79.925","79.391","90.234","72.732","61.859","97.6","118.295","84.165","92.568","78.969","92.305","78.021","85.645","118.165","106.848","109.111","81.363","118.989","104.401","97.302","94.26","70.694","113.578","94.522","98.936","129.899","120.633","109.3","98.346","92.948","110.289","122.129","111.142","122.775","121.477","118.612","111.686","197.858","107.651","97.176","112.358","113.631","137.012","120.516","129.379","167.197","115.542","99.697","124.661","156.831","98.763","214.957","108.737","228.921","113.7","103.7","81.8","73.5","66","106.1","110.4","127","117.4","91.9","103.8","104.6","158.2","117.6","101.8","98.5","108.2","140.4","140","201.2","131.2","101","104.7","116.7","94.3","129.2","102.5","101.2","103.5","98.3","94.1","155.5","146","125.5","119","118.7","161.8","159","154.5","136.7","144.2","138.8","146","136.4","115.3","128.6","135.8","135.8","127.4","134.6","136","146.6","112.1","128.6","113.6","100.8","105.1","109","202.9","183.3","93.3","170.9","124.1","137.2","115.9","132.7","118.3","141.3","125.5","129.9","102.8","139.2","106.7","85.7","135.4","92.2","104.3","161.1","167.2",
"기타 기계 및 장비 제조업","생산능력지수","","98.225","97.337","97.83","97.929","98.225","98.422","98.619","99.31","99.112","98.422","100.197","99.704","99.901","99.31","99.112","99.606","99.803","98.521","98.718","98.817","99.704","98.521","99.31","99.901","99.704","97.929","97.633","98.422","98.323","99.112","98.521","99.014","99.014","98.422","99.408","100","99.211","99.704","98.915","99.803","100.197","100.197","100","100.099","99.606","100.099","100.789","101.381","98.323","98.817","99.31","98.225","98.718","98.718","98.619","98.619","98.817","98.718","99.31","99.901","98.9","98.8","98.7","99","98.9","99.7","99.9","100","100.3","100.3","100.7","104.7","102","101.8","102","101.6","101.5","101.3","100.7","100.5","100.3","99.8","99.6","100.2","98.9","98.3","98.4","97.5","96.7","96.7","95.1","94.8","95.4","95.1","95.7","95.8","94.5","94.2","95.1","95.5","95.9","96.2","96.2","96.6","97","97","97","98.2","94.8","94.4","94.9","94.6","94.9","94.6","94.6","94.4","94.6","94.7","95.1","93.4","92","91.5","91.1","90.5","89.9","90.4","90.5","90.4","89.8","89.9","90.1","91.3","89.5","89.3","89.4","89.4","89.5","89.8","89.8",
"기타 기계 및 장비 제조업","가동률지수(원지수)","","103.151","95.798","116.387","114.391","107.983","120.483","105.987","91.597","95.483","96.534","100.42","112.185","94.328","91.387","109.979","104.097","109.664","109.664","106.828","89.496","90.441","99.265","106.092","109.874","91.912","99.37","115.861","108.508","110.189","119.538","111.66","100","112.71","92.437","107.878","116.282","105.987","96.639","115.231","110.399","115.546","112.92","106.092","97.689","93.382","104.097","106.828","112.5","100.735","89.286","113.866","115.651","114.916","111.555","110.609","97.794","102.311","106.303","105.357","121.218","96.1","101","118.9","99.8","88.5","98.2","97.9","81.6","98.5","96.2","105","118.3","98","93.3","112.8","111.6","107.3","117.4","109.4","93.6","99.9","103.6","113.6","130.7","105.3","95.4","108.5","108.1","115.4","118.8","114.1","104.8","115.9","115.1","126.1","139.2","104.5","112.3","124.4","112.3","117.5","125.2","105.7","102","106.3","100.1","112.3","119.9","101.1","96","112.1","109.1","107.6","109.7","102.9","97.9","93.4","99.5","106.9","111.6","88.8","99.2","108.9","113.8","106","111.9","106.7","97.4","109.2","91.5","107.5","126.2","106.7","94.6","117.5","115.4","107.3","117.1","116.9",
"기타 기계 및 장비 제조업","가동률지수(계절조정)","","106.272","108.808","107.38","106.382","102.955","110.867","103.067","107.33","102.918","97.607","102.323","103.024","99.494","101.55","101.311","99.544","104.957","101.208","106.25","100.297","97.022","100.671","105.472","97.694","103.766","103.254","106.728","104.485","105.843","110.702","111.149","111.96","109.039","108.413","106.723","107.167","109.584","109.696","106.204","107.055","111.589","107.141","105.783","109.092","101.946","105.598","105.139","102.866","104.122","101.391","107.538","110.299","106.775","106.119","108.089","108.912","111.409","107.675","103.144","110.226","108.6","102.9","110.2","99.9","84.7","91.5","96","94.7","98.5","103.6","104.8","104.6","103.5","106.4","104.9","107","105.8","106.9","107.9","106","105.8","109.8","110.7","115.2","115","105.4","103.4","103.7","109.6","113","115.4","116","122.4","119.6","122.7","119.1","118","117.6","116","109.9","117","116.4","106.9","112.6","111.7","106.8","109.3","107.5","104.6","107.6","106.8","106.7","104.9","104","101.9","107.7","100.7","103.7","104.1","100.5","102.7","104","106.2","108.7","103.5","108.2","106","109.2","104.3","103.4","106.8","110.5","110.5","108.4","112","110.1","107.3","110.7","118.9",
"일반 목적용 기계 제조업","생산능력지수","","96.357","95.302","96.069","95.11","95.59","94.439","95.302","96.165","96.836","95.973","97.507","95.877","96.453","96.453","95.973","97.22","97.124","96.165","96.165","95.014","95.877","95.781","97.987","97.315","98.274","96.261","96.932","97.987","98.178","97.699","96.836","97.507","97.507","96.165","97.699","98.37","96.548","96.644","95.973","97.891","97.699","97.315","97.987","98.178","97.987","98.754","99.808","99.616","98.849","99.904","101.151","99.712","99.329","100.288","99.616","99.712","100.384","99.808","100.192","100.096","99.5","99.4","98.9","99.3","99.4","99.8","100.1","100.8","100.4","100.3","100.7","101.4","100.8","100.6","100.7","100.4","100.2","100.3","100.1","100.1","99.3","99.1","98.8","99.4","97.3","97","96.8","96.2","95.8","95.9","94.9","95.2","95","94","94.1","94.2","94.1","93.8","93.8","94","94","93.7","94.1","94.1","94.3","94.1","93.9","95.1","93.1","93.1","93.7","93.9","94","93.6","93.5","93.2","93.5","94.4","92.2","92","91.7","91.2","90.8","90.1","90","89.8","90.1","89.8","89.4","89.8","90","90.4","89.4","89.3","89","88.6","88.5","88.5","88.1",
"일반 목적용 기계 제조업","가동률지수(원지수)","","90.06","85.089","107.256","107.555","102.187","116.799","103.082","89.761","92.445","96.72","95.328","106.561","91.153","85.785","104.871","101.093","105.666","109.94","105.368","88.072","90.457","96.024","99.205","104.076","83.598","94.334","107.853","102.286","107.853","120.08","110.139","93.738","105.368","86.581","101.889","100.895","97.316","89.165","110.239","106.163","109.94","108.052","102.187","93.241","91.849","100.795","103.38","105.666","97.614","85.388","109.841","113.917","114.911","106.362","109.543","94.632","95.129","106.064","103.777","112.624","97.9","96.5","113.3","97.1","91.5","103.8","106.2","88.5","98.7","95","102.9","108.7","97.6","89.7","108.3","108.1","104.7","116.6","105.8","94.2","97.5","102.2","108.8","120.9","96.1","91.7","108.8","109.1","115.1","114.5","113.3","101.7","108.5","108.4","117.1","121.2","97.2","105.8","116.8","109.7","109.5","119","110.6","102.2","106.4","101.7","115.8","116.2","104.1","99","113","112.7","113.1","112.9","106.1","98.6","100.6","105.4","108.3","114.2","93.6","103","111.9","113.6","106","108.2","110.3","98.7","109.8","91.7","101.2","116.7","103.1","89.4","117.3","117","103.5","117.3","116",
"일반 목적용 기계 제조업","가동률지수(계절조정)","","94.866","99.687","100.429","98.928","95.129","103.929","97.229","105.34","101.184","96.824","97.262","100.984","98.476","97.72","97.807","96.491","99.017","98.374","101.889","97.705","98.544","96.288","98.436","95.336","97.334","99.123","100.295","98.645","101.766","108.239","106.625","103.445","101.646","102.805","100.717","96.86","101.67","103.538","102.37","103.321","104.624","100.611","99.126","102.394","101.933","100.715","101.796","100.981","101.329","98.922","104.872","108.689","104.812","99.649","103.811","103.394","105.183","105.573","101.743","107.337","111.9","98.2","105.6","98","86.5","95.1","101","101.4","98.5","101.2","103.4","100.6","102.7","103.9","101.2","103.9","102.3","104.5","101","104.9","103.8","106.7","106.5","111.7","104.7","102.2","104.4","104.8","107.4","108.2","111.2","109.9","114.9","110.3","115","109","109.9","110.6","109.1","107.9","108.1","109.8","108.7","110.2","111.9","106.8","114","109.9","106.1","111.9","108.1","110.4","109","107.1","101.9","106","108.7","107.8","107","107.8","108.5","107.7","109.6","108.2","102.4","105.5","106.2","108.7","102.8","103","102.8","107.3","105","103.6","111.9","111.1","102.6","111.5","114.7",
"특수 목적용 기계 제조업","생산능력지수","","99.798","98.99","99.293","100.505","100.505","102.02","101.515","102.222","101.111","100.606","102.525","103.232","103.03","101.818","101.818","101.717","102.121","100.606","100.909","102.121","103.131","100.909","100.404","102.121","101.01","99.394","98.182","98.687","98.384","100.202","100","100.202","100.303","100.303","100.808","101.313","101.414","102.222","101.313","101.313","102.222","102.525","101.515","101.717","100.909","101.212","101.717","102.828","97.879","97.98","97.778","97.071","98.182","97.475","97.778","97.778","97.576","97.879","98.687","99.798","98.4","98.4","98.7","98.8","98.5","99.6","99.8","99.5","100.2","100.3","100.8","107","102.9","102.7","103","102.5","102.4","102.1","101.1","100.8","101.1","100.3","100.1","100.9","99.9","99.1","99.5","98.4","97.3","97.4","95.4","94.7","95.8","95.9","96.7","96.9","94.9","94.5","96","96.6","97.2","97.9","97.7","98.2","98.7","98.8","99","100.1","95.9","95.2","95.6","95","95.4","95.2","95.2","95.2","95.2","94.8","97.1","94.4","92.1","91.7","91.3","90.8","89.7","90.7","90.7","90.8","90","89.9","90.2","91.8","89.5","89.3","89.6","89.8","90.1","90.6","90.8",
"특수 목적용 기계 제조업","가동률지수(원지수)","","117.647","107.547","126.304","121.643","114.095","124.195","108.768","93.341","98.446","96.004","105.882","117.98","97.558","97.336","115.427","107.103","113.651","108.768","108.102","90.677","90.011","102.553","113.43","116.093","100.888","104.55","124.195","114.983","112.431","118.535","112.875","106.548","120.533","98.779","114.206","132.852","114.872","104.218","120.644","114.872","121.31","118.091","110.322","102.442","95.339","107.769","110.544","119.534","104.107","93.341","118.202","117.425","114.983","117.092","111.765","101.11","109.989","106.659","106.992","130.3","94.4","105.3","124.4","102.5","85.5","92.9","89.8","74.9","98.2","97.4","107","127.7","98.5","96.8","117.2","114.9","109.9","118","112.9","93","102.2","105","118.4","140.2","113.7","98.9","108.6","107.6","116.1","122.9","115.1","107.8","122.7","121.2","134.3","155.2","111.3","118.4","131.3","114.9","124.8","131.1","101.4","102","106.3","98.7","109.4","123.4","98","92.8","111","105.5","102.1","106.4","99.7","97.1","86.2","93.7","105.4","109","84.2","95.4","105.8","113.7","105.8","115.3","103.1","96","108.4","91.1","113.3","135.1","110.3","99.7","117.5","113.6","111","116.8","117.6",
"특수 목적용 기계 제조업","가동률지수(계절조정)","","118.702","118.579","114.89","114.361","111.433","118.213","109.058","109.216","104.549","98.025","107.751","105.18","100.588","105.619","105.073","102.606","111.106","103.549","110.612","102.64","95.134","105.166","112.979","100.386","110.579","107.497","113.366","110.555","109.945","112.782","115.554","121.005","116.958","114.494","113.072","117.818","117.604","115.734","110.388","110.999","118.891","114.176","113.09","116.315","102.438","110.96","108.744","104.856","107.172","103.967","110.461","111.949","108.809","113.092","112.634","114.763","118.007","109.91","104.598","113.384","105.2","107.3","114.4","101.5","82.9","87.7","90.9","87.9","98.3","105.7","106","108.3","104","108.6","108.3","109.8","109","109.1","114.5","106.9","107.5","112.6","114.6","118.3","123.9","108.3","102.5","102.7","111.6","117.1","119.2","121.3","129","127.8","129.5","127.9","125.2","123.9","122.1","111.7","124.9","122.2","105.1","114.8","111.4","106.7","105.1","105.3","102.7","102.9","105.3","102.6","100.5","100.5","101.6","109","92.5","99.3","100.9","92.9","96.8","100.1","102.4","108.7","104.3","110.4","105.3","109.3","105.3","103.5","110.2","113","115.6","112.9","111.6","108.5","111.5","109.5","122.7",
"자동차 및 트레일러 제조업","생산능력지수","","96.915","96.816","98.109","98.905","99.104","99.701","99.9","100","100.199","101.095","101.095","102.189","102.488","102.587","103.582","103.582","103.483","103.682","103.781","103.582","103.881","104.08","104.478","105.672","106.567","106.567","107.463","107.463","107.861","107.96","107.96","106.866","107.164","107.065","106.866","106.965","106.269","106.07","103.781","103.184","103.383","103.184","103.085","103.284","103.284","103.781","103.582","103.284","101.393","101.493","101.99","98.607","98.408","98.408","98.806","98.706","98.607","98.607","98.507","98.209","98.5","97.4","99.5","99.4","99.4","99.5","100.2","100.2","100.9","101.3","101.8","101.7","102.8","102.7","105.4","105.4","105.4","105.3","106.3","105.9","105.9","106","106","106.4","105.3","105.3","105.6","105.5","105.7","106.2","106.5","106.4","106.7","108.4","110.1","109.6","108.9","109.1","109.1","109.1","109.2","109.6","108.3","108.3","108.4","109.3","109.8","109.9","109.1","109.1","109.2","108.6","108.7","108.7","108.7","110.3","110.1","110.3","110.3","110.5","110.7","109.5","110.1","110.1","109.7","109.6","109.4","109.4","110.5","110.5","110.6","110.6","110.4","110.4","111.4","111.4","111.3","112.1","112.4",
"자동차 및 트레일러 제조업","가동률지수(원지수)","","124.696","106.691","132.238","133.82","118.127","132.603","127.859","96.107","109.002","126.156","123.601","128.832","114.355","102.19","131.752","117.883","117.275","122.628","116.423","81.265","90.389","112.652","128.71","133.577","98.783","108.029","124.939","115.572","108.759","114.355","111.557","88.564","110.949","90.024","116.302","91.849","101.217","87.226","114.234","114.964","114.234","110.219","102.555","102.555","98.905","122.019","124.696","115.572","117.275","89.659","117.153","123.723","123.114","113.139","122.993","93.187","101.46","121.168","116.302","114.599","93.6","79","119.6","96.5","76.8","95.1","111.9","82.2","115.2","112.2","111.9","105.8","107.3","92.6","115.9","111.1","94.5","109.6","103.2","83.9","84.4","94.5","105.4","110.4","95.9","94","107.2","110","109.2","113.7","112.1","102.6","106.8","110.8","122.3","118.8","103","111.3","124.8","116.3","118.8","114.6","111.6","102.6","101.4","109.2","116.9","114","107.3","94","111.5","119","114","108.1","96.3","96.8","96.7","109.1","104.4","111.7","89.9","106.4","111.4","115.7","108","107.4","100","101.9","104.7","92.5","103.6","107.5","103.8","84.2","113.3","106.6","99.7","116.8","106.1",
"자동차 및 트레일러 제조업","가동률지수(계절조정)","","122.869","126.33","121.129","124.854","119.494","126.377","122.314","119.506","119.615","118.418","117.617","119.038","116.886","116.544","120.701","114.001","118.627","117.141","115.374","93.632","99.395","105.39","118.485","119.125","112.565","110.458","114.454","111.796","110.136","109.34","110.532","101.51","106.646","103.36","107.339","88.099","100.013","102.779","104.671","111.284","115.777","109.257","101.685","116.82","112.061","114.594","115.378","111.025","116.555","104.994","111.284","115.6","116.079","112.201","117.867","105.453","114.66","113.909","107.907","110.325","107.1","77.5","109.5","96.7","74.9","90.9","107.4","99.2","115","115.1","108","98.6","109.8","108.8","106.3","103.7","95.7","101.2","99.4","96.8","91.3","95.5","98.7","103.2","104.7","104.5","101.8","102.1","102.5","111.8","112.1","114.3","116.8","108.1","114.8","106.4","119.6","112.2","114.2","112","120.1","108.5","112","113.7","109.6","111.8","110.1","110","106.6","107.1","105.8","114.5","110.8","105.5","93.2","107","110.4","106.4","98.4","107.7","107.8","108.3","109.7","107.1","105.2","108.7","97.1","116.6","99.4","100.5","101.6","99.9","103.1","99.7","107.4","98.5","100.7","113.8","107.3",
"자동차용 엔진 및 자동차 제조업","생산능력지수","","106.496","106.496","106.496","106.496","106.496","106.496","106.496","106.496","106.496","106.496","106.603","106.603","106.603","106.603","106.603","106.603","106.603","106.603","106.603","106.603","106.603","106.603","106.603","106.603","108.626","108.626","108.626","108.626","109.798","109.798","109.798","108.307","108.307","108.307","107.135","107.135","105.751","105.751","100","100","100","100","100","100","100","100","100","100","98.829","98.829","98.829","97.551","97.551","97.551","97.551","97.551","97.551","97.551","97.338","97.338","102.2","99.8","99.8","99.8","99.8","99.8","99.8","99.8","99.8","99.9","99.9","99.9","102.3","102.2","105.3","105.3","105.3","105.2","107.2","107.2","107.2","107.2","107.2","107.2","105.7","105.7","105.7","105.7","105.7","105.7","105.7","105.7","105.7","108","108.1","107.1","105.4","105.3","102.4","102.4","102.2","102.6","100.3","100.3","100.3","101.4","101.8","101.8","100.8","100.7","100.3","99","98.9","98.8","98.7","101.6","101.5","101.3","101.3","101.3","102.1","102.1","102.7","102.7","102.2","102.2","102.1","102.1","103.4","103.4","103.4","103.4","103.2","103.2","103.2","103.2","103.4","103.4","103.4",
"자동차용 엔진 및 자동차 제조업","가동률지수(원지수)","","124.937","106.767","137.719","142.105","121.805","139.599","133.96","94.737","107.895","130.952","128.697","134.461","116.416","103.509","139.85","122.807","120.927","129.449","118.797","72.18","83.835","114.411","136.967","144.862","97.87","110.401","132.957","125.439","115.915","123.183","119.549","88.972","115.414","91.353","124.687","92.857","107.268","91.228","125.188","124.311","122.18","116.541","104.386","104.887","102.005","132.08","135.338","124.311","124.06","89.223","122.556","130.576","130.576","117.92","126.566","90.602","99.624","125.689","120.677","117.794","86.4","68.5","125.8","101.5","80.8","101.9","118.9","80.5","116.5","112.5","106","100.9","106.2","89.3","113.8","111.2","87.6","110.7","98.3","75.3","73.2","85.7","98.3","102.4","85.3","87","99.3","104","102","110.2","106.2","95.5","98.5","101.8","117.6","113.9","98.2","110.3","126","116.3","117.9","110.9","109.2","98.1","96.4","108.2","117.4","116.8","102.9","90.5","110.6","120.5","113.7","107.2","90.9","89.2","93.5","108.7","101.8","110.8","84.4","101.9","107.1","111.3","104.4","102.9","93.6","94.3","97.5","87.6","99.6","101.8","99.4","77.6","107.9","101.7","93.9","111.6","98.2",
"자동차용 엔진 및 자동차 제조업","가동률지수(계절조정)","","122.959","130.752","124.509","129.018","123.296","128.285","126.984","125.455","125.565","121.822","121.571","120.818","120.359","120.756","126.401","116.489","122.181","119.538","117.297","86.902","98.072","105.754","124.414","124.579","116.954","111.641","120.16","119.03","117.151","114.041","117.811","106.208","113.447","109.457","113.656","87.181","107.464","110.302","113.18","118.113","123.507","112.819","102.849","124.03","123.055","123.01","123.787","116.873","126.681","106.267","115.772","118.883","120.741","114.251","119.556","106.153","119.515","117.162","110.818","110.93","106.2","65.1","113.7","101","77.8","94.6","112.6","102","118.9","117.3","102.1","91.2","112.4","108.1","102.9","101.4","88","98.3","93.4","90.5","83.5","87","91.1","92.9","97.5","97.5","93.9","94.9","93.9","106.4","105.9","109.2","111.9","98.8","109.5","99","121.1","109.7","114.1","110.9","118.5","102.1","109.3","111.4","107.5","111.6","109.8","110.8","104.2","104.9","104.6","115","109.4","102.7","87.4","100.9","110.9","105.3","95.3","105.2","106.6","103.5","105.7","101.6","100.5","102.7","90.4","111","93.1","96.8","97.5","92.5","100.6","94.5","101.9","92.7","94.2","106.7","99.4",
"자동차 차체 및 트레일러 제조업","생산능력지수","","101.216","101.114","101.317","101.317","101.317","100.912","99.696","99.797","101.013","101.824","103.242","102.938","102.736","102.837","103.04","103.647","103.647","101.621","101.824","103.242","103.141","103.647","103.141","103.445","103.141","103.04","103.749","104.458","102.634","102.938","103.647","103.04","103.141","102.634","102.634","102.533","106.079","105.674","105.268","106.18","106.18","106.282","107.903","108.308","108.815","108.713","109.017","108.815","109.726","110.942","109.22","109.321","110.334","109.321","109.22","109.524","109.22","109.119","109.119","109.119","110.9","108.2","109.5","95.2","95.8","94.6","97.9","97.9","97.9","98.4","95.2","98.4","93.8","93.8","93.8","93.8","93.8","93.8","93.9","93.9","93.6","93.6","92.1","91.9","94.9","94.4","94.4","94.5","94.2","94.3","93.1","92.9","94.1","92.7","92.1","92.6","97.1","97.2","97.4","98.4","99.6","99.3","99.9","99.9","99.9","99.9","99.9","99.9","95.2","95.2","95.2","95.4","95.4","95.4","95.7","95.7","95.7","94.6","94.6","94.6","93.4","93.4","93.4","93.6","93.6","93.6","94.8","94.8","94.8","94.8","94.8","94.8","95","112.2","112.2","111.1","111.1","111.1","111.3",
"자동차 차체 및 트레일러 제조업","가동률지수(원지수)","","110.427","94.347","121.106","117.337","114.95","147.487","133.794","136.432","139.698","136.558","125","130.528","108.166","105.528","121.608","122.236","129.648","140.955","138.065","95.98","88.191","100.251","120.101","145.729","106.91","105.653","129.146","124.372","126.131","135.678","117.337","92.337","122.362","97.487","121.231","116.457","100.126","87.688","105.528","120.854","122.613","127.01","109.673","105.025","96.859","105.025","121.734","125.251","99.749","80.402","106.533","118.216","111.558","105.528","108.668","91.96","87.814","98.995","105.025","103.141","83.8","81.8","111","106.5","109.3","108.1","114.1","87.4","103.6","84.3","100.2","109.9","62.4","79.6","97.6","87.1","108.2","91.8","87.2","77.2","77.6","90.3","111","123.7","91.5","91.8","106","111.7","111.6","130.9","121.7","126.5","116.4","123","127.6","117.4","86.1","102.3","116.4","118.3","118.4","132.4","115.4","122","124.7","130","146.9","124.7","96.3","88.9","116.5","125.8","133.1","144.7","141.9","132.4","125.2","148.3","160.4","122.5","90.8","116.5","128","131","134.1","129.1","106.9","117.8","122.9","99","125","124.4","76.7","85.1","106.6","125.1","119.3","121.1","122.7",
"자동차 차체 및 트레일러 제조업","가동률지수(계절조정)","","119.68","114.895","114","109.852","111.553","132.834","134.594","152.843","144.292","132.315","119.159","122.814","119.495","126.542","115.039","116.895","126.107","126.687","140.401","103.629","93.984","94.651","112.185","134.568","128.521","117.055","122.789","119.346","122.78","121.801","118.937","99.114","111.718","111.37","112.565","110.375","109.209","107.812","100.777","116.314","119.344","115.705","111.012","111.983","104.428","100.693","112.196","118.331","110.655","97.963","103.736","112.299","105.26","96.092","108.306","97.467","95.645","94.432","96.067","97.242","102.8","89.4","106.9","104.6","104.6","96.8","113.5","94.9","100.3","89.4","92.5","102","69.8","98.9","94.3","83.3","104.9","81","86.6","82.3","83.6","89","100.5","114.9","108","108.7","104.4","106.9","104.8","119","122.6","132.2","125.6","119.3","115.2","107.4","107.2","113.7","113.3","114.9","114.5","118.5","116.2","127.3","128.1","134.4","132.2","117.8","107.5","109.2","115.3","122.1","126.6","131.3","140.8","137.7","137.3","143.8","143.8","115.9","113.7","132.2","128.8","125.2","127.5","118.8","106","124.2","111.4","112.5","113.7","116","86.2","106.4","105.7","119.6","115.1","109.7","123.6",
"자동차 신품 부품 제조업","생산능력지수","","88.093","87.814","90.419","91.907","92.279","93.395","93.86","93.953","94.419","96","96.093","98.047","98.698","98.791","100.837","100.837","100.558","101.023","101.209","100.651","101.302","101.674","102.512","104.744","104.651","104.651","106.326","106.419","106.14","106.326","106.14","105.581","105.953","105.953","106.605","106.791","106.419","105.953","106.605","105.488","105.767","105.488","105.302","105.581","105.581","106.512","106.14","105.581","103.163","103.163","104.093","98.977","98.605","98.605","99.349","99.163","99.07","99.07","99.07","98.512","94.7","94.7","98.9","99.2","99.2","99.5","100.7","100.7","102.1","102.8","104","103.6","103.6","103.4","105.8","106","105.9","105.8","105.8","105.1","105.1","105.2","105.2","106","105.1","105.1","105.8","105.7","106.2","107.6","108.4","108.1","108.9","109.8","114","114.3","113.9","114.6","117.9","117.8","118.2","118.7","118.6","118.6","118.7","119.2","120.1","120.2","120.6","120.7","121.6","122.1","122.5","122.6","122.6","122.5","121.8","122.9","122.9","123.5","122.7","119.7","120.3","120.3","120","120","119.4","119.3","120.2","120.2","120.5","120.3","120.2","119.4","122","122","121.5","123.7","124.4",
"자동차 신품 부품 제조업","가동률지수(원지수)","","126.707","108.383","129.102","127.784","116.407","127.305","123.593","98.204","111.018","122.994","120.359","125.15","114.132","102.395","125.868","114.611","115.329","117.365","115.329","91.257","98.323","112.814","122.515","124.311","100.719","107.305","119.042","107.545","103.114","107.186","105.509","89.461","107.904","89.82","109.82","91.497","97.126","84.671","106.347","108.263","108.623","105.509","101.796","101.557","97.126","115.21","117.006","109.102","113.054","90.419","113.892","119.162","118.323","110.18","121.078","95.329","103.353","118.683","113.653","112.814","98.5","85.6","116","92.8","73","90.3","107.4","83.2","115","113.1","116.3","108.8","109.6","95.3","118.1","112","98.7","109.6","107","89.7","91.9","100.5","109.8","115.2","105.8","99.8","113.7","113.9","114.5","114.2","115.6","107.1","113.2","117.9","124.5","121.5","106.6","110.3","121.1","113.8","117","115.8","111.9","104.8","104","107.4","113.1","108.3","111.3","96.9","109.9","113.8","110.8","105.4","99.9","103.9","97.9","105.8","103.7","110.1","95.3","109.8","114","118.5","109.7","110.3","106.2","109.1","111.6","96.8","106.1","112.2","108.4","91.5","118.2","110","104.8","121.1","114.3",
"자동차 신품 부품 제조업","가동률지수(계절조정)","","124.622","125.454","119.179","121.395","117.865","124.575","118.759","117.738","117.646","116.022","115.091","117.742","115.556","114.89","116.226","112.321","116.9","114.928","114.475","102.491","104.085","106.356","113.728","113.455","111.138","110.257","109.902","105.407","104.694","104.95","104.841","100.155","102.545","100.362","102.173","89.066","94.889","97.985","98.182","106.131","110.43","106.572","101.291","113.222","105.909","108.733","109.104","106.397","110.111","104.603","108.504","113.215","113.006","111.312","116.995","105.753","112.571","112.154","106.217","110.303","107.8","85.1","107.1","93.8","72","88.4","104","97.7","113.1","114.7","112.6","103.4","109.6","109.9","109.1","106.1","100.6","103.9","103.9","101.5","96.8","101.5","103.6","109.7","110.3","109.9","108.5","107.7","109.8","115.2","116.1","116.6","119.2","115.6","118.1","112.2","116","112.5","111.9","110.9","119.5","112.9","112.7","113.5","109.2","109.1","107.7","106.7","107.4","107.6","104.7","110.9","109.7","105.9","97.5","112.1","106.3","104.2","99","108.5","106.8","111.7","112","111.8","108.6","114.2","103.8","121.1","105.5","103.1","104.8","107.3","104.6","104.6","112.6","103.7","107","121.4","115.5",
"자동차 재제조 부품 제조업","생산능력지수","","","","","","","","","","","","","","","","","","","","","","","","","","","","","","","","","","","","","","","","","","","","","","","","","","","","","","","","","","","","","","66.9","79.5","91.7","98.6","98.6","106.6","106.6","106.6","106.6","106.6","109.3","122.3","122.3","122.3","122.3","122.3","122.3","123.3","123.3","123.3","123.3","123.3","128.4","144","144","144","144","144","142.8","144.8","144.8","144.8","144.8","153.3","153.3","154.6","154.6","154.7","156.5","156.5","165.7","165.7","165.7","165.7","165.7","165.7","165.7","165.7","165.7","165.7","165.7","161","161","161","161","161","161","160.7","152.3","152.3","152.3","152.3","152.3","152.3","152.3","135.1","135.1","156.1","156.1","156.1","156.1","156.1","156.1","154.3","153.9","153.9","150.2","149.2","149.2",
"자동차 재제조 부품 제조업","가동률지수(원지수)","","","","","","","","","","","","","","","","","","","","","","","","","","","","","","","","","","","","","","","","","","","","","","","","","","","","","","","","","","","","","","121.1","121.1","104.1","118","91.3","96.5","96","78","82.5","84","103.2","104.3","86.6","75.6","97.3","82.2","82.2","87.4","88.7","76.5","82.5","84.7","111.8","111.7","92.7","82.4","94.3","107.9","104.1","99.1","98.5","103.7","93.6","108.8","101.5","100.1","84.7","97.7","101","98.6","106.6","85.2","71.7","68.8","64.8","61.7","74.3","67","71.7","63.7","72.4","89.3","85.9","82.2","79.9","62.3","66.7","63.6","71.9","62.4","60.5","65.1","76.9","74.5","60.9","75.9","66.2","95.3","64.8","54.2","63","72.5","55.4","55","74.2","74.1","61.2","72.6","68.6",
"자동차 재제조 부품 제조업","가동률지수(계절조정)","","","","","","","","","","","","","","","","","","","","","","","","","","","","","","","","","","","","","","","","","","","","","","","","","","","","","","","","","","","","","","135.2","123.2","100.2","105","86.3","93.4","94.5","90.3","87.4","95","95.2","97.1","87.2","86.5","93.6","72.1","78.2","83.8","87.4","87.8","91.7","92.6","102.6","104.2","98","89.7","91.1","94.8","97.5","96","98.1","117.7","104","118.2","93.8","93","94.2","100.3","96.7","87.2","101.3","81.9","71.3","78.1","71.6","67.9","68.6","63.2","71.5","72.4","69.8","79","81","79.6","78.9","70.7","74.6","69.1","66.4","59","67.6","66.9","74.5","65.4","57.3","73.9","65.7","108.7","65.2","64.4","59","68.5","54.9","63.1","71.2","65","57.9","70","68.5",
"기타 운송장비 제조업","생산능력지수","","178.657","177.453","177.797","175.904","172.806","171.256","170.052","169.191","168.675","168.847","167.642","166.954","170.224","160.585","161.79","161.446","159.552","157.831","156.971","155.422","154.905","154.905","152.324","151.635","152.84","151.463","149.742","149.57","147.504","147.504","146.299","143.718","143.373","143.89","141.824","140.964","133.219","132.014","132.014","128.055","124.957","123.58","122.547","121.859","120.482","121.17","120.138","120.31","116.007","111.36","110.499","110.843","112.048","111.36","110.671","105.68","106.196","106.024","105.508","104.991","102.4","102","103.3","102.5","102.2","100.8","98.2","98","98","98.1","97.3","97.1","99.2","97","96.7","96.7","96.6","96.3","95.1","95.1","95","95.8","96.3","96.3","95.7","94.6","94.8","95.4","95.1","95.2","94.9","94","94","93.8","95","96.1","95.2","97","97.2","96.3","96.1","97.8","96.9","96.6","97.2","97.2","99.7","98.5","103.2","100.1","101.6","103","102.3","102.9","104.6","104.2","103.4","103.5","104.7","104.4","104.1","103.5","105.8","108.7","109.5","107.8","107.7","106.3","107.8","107.8","108.3","109.9","109.5","109.5","108.4","108.7","108.5","108.4","108.4",
"기타 운송장비 제조업","가동률지수(원지수)","","103.064","88.301","103.807","100.279","94.336","93.315","96.843","83.101","79.294","90.065","87.651","94.15","89.879","82.823","89.879","84.401","90.715","87.837","88.765","76.045","77.344","77.902","86.444","85.608","66.481","63.974","75.766","73.352","75.487","76.973","68.431","54.596","69.824","59.889","70.009","69.545","68.802","56.917","64.253","67.781","69.081","70.752","70.474","63.788","66.11","75.487","77.437","87.094","91.736","71.681","89.786","93.408","94.522","90.436","101.486","87.465","95.357","103.157","102.507","111.049","107.5","111.1","109.7","102","97.3","93.6","99.8","80.1","94.7","91","98.2","115","100.2","82.6","98.3","95.7","94.9","101.4","104.8","83.8","99.8","106.9","110.1","123.1","106.8","97.8","118.8","116","121","124.2","119.9","111.1","117.8","127.1","132.7","132.3","106.4","116","122.2","117.5","120","124.6","122.6","111.6","117.9","118.9","126.2","133.1","119.1","104","117.7","120.2","120","119.2","128.5","121.5","114.9","126.9","134.3","143.3","127.8","123.1","144.1","149.6","146.8","150.7","162.9","140.6","199.6","181.5","184.1","207.8","142.3","121.7","154.4","162.5","148.9","167","161.6",
"기타 운송장비 제조업","가동률지수(계절조정)","","97.858","101.454","100.21","96.638","93.365","88.238","93.74","98.628","82.748","88.894","87.348","85.551","87.257","93.109","86.996","83.367","89.911","83.219","87.634","86.263","81.522","76.097","84.017","75.695","69.994","66.307","73.461","72.674","74.93","73.088","67.388","61.927","65.631","68.614","67.819","64.26","65.055","65.741","62.353","67.488","68.619","69.079","69.388","72.037","71.351","73.51","74.703","80.327","87.497","82.226","89.191","91.436","89.699","88.646","97.729","98.126","103.104","99.842","98.504","102.203","114.7","112.8","106.1","105.1","94.8","90.2","96","93.5","92.6","94.7","96.1","103.4","96.4","96","95.6","94.2","95.4","94.9","100.5","94.7","105.5","106.8","105.2","109.5","111.1","110","118.6","115.1","117.2","121.8","118.1","120.8","122.3","123.3","127.3","114.8","114.9","122.9","118.7","119.7","122.8","119.3","121.3","120.9","119.4","120","121.2","119.6","113","119.1","116.9","121.8","119.4","117.9","124.5","133.1","123.3","122.8","127.4","132.7","135.7","128.7","146","147.4","145.8","153.7","158.1","158.5","186.7","194.3","177.4","190.6","134.4","141.9","153.2","160.2","151.7","166.8","160.4",
"선박 및 보트 건조업","생산능력지수","","198.102","196.395","196.774","194.497","190.702","188.805","187.097","186.338","185.579","185.579","184.25","183.112","187.476","175.712","177.04","176.471","174.383","172.106","171.157","169.26","168.691","168.691","165.275","164.516","166.034","164.137","162.049","161.48","159.203","159.203","157.495","153.89","153.7","154.269","151.613","150.474","142.505","140.987","140.797","136.053","131.879","130.361","129.032","128.083","126.376","127.324","125.996","126.186","120.114","114.611","113.472","113.852","115.37","114.421","113.472","107.59","108.159","107.97","107.4","106.831","104.3","103.7","105.3","103.2","102.9","100.9","97.3","96.8","96.9","96.9","96","95.7","98.8","95.6","95.2","95.3","94.7","94.4","92.7","92.8","92.6","93.9","94.2","94.4","93.3","91.6","91.9","93.1","92.6","92.8","92.8","91.4","91.4","91.3","92.4","93.5","92.4","92.8","92.8","91.1","90.8","93.6","92.4","92","93.1","93.5","97.3","95.5","97.5","93.3","95.5","97.3","96.3","97.2","99.5","99.1","99","99.2","100.8","100.6","99.6","99.3","102.1","105.6","106.5","104.6","104.6","102.9","104.7","104.7","105.4","107.4","106.1","105.5","104.7","105.1","105","105","105.1",
"선박 및 보트 건조업","가동률지수(원지수)","","92.703","79.187","90.299","91.625","86.899","83.582","85.406","75.456","69.32","80.597","79.104","80.846","81.177","74.295","79.022","73.466","80.017","75.954","78.69","66.75","68.657","68.325","76.534","72.72","56.551","54.395","64.594","61.857","66.833","66.584","58.706","43.284","57.546","46.6","56.551","55.556","60.614","48.507","53.483","56.633","56.468","56.385","58.126","52.488","53.897","63.433","64.179","72.637","81.012","61.36","78.027","81.26","82.09","78.109","88.226","74.71","83.333","90.216","92.62","100.498","97.7","101.1","101.3","97.7","97.9","104.9","103.5","84.3","98.1","95.3","104.4","113.7","110.5","83.8","99.3","95.5","94.3","97.7","104.5","79.6","95.9","106.1","109.8","110.4","114.3","101.9","122.2","120.9","128.6","124.5","121.2","106.8","111.7","130.4","140.4","140.4","121.4","127.2","125.4","124.8","123.8","120.4","118.5","107.8","106.7","110","119.6","111.5","127.3","105.1","117.9","121.5","128.2","119.9","139.9","129.3","125.9","132","146.6","149.9","139.8","132.8","155.3","162.2","160","163.5","176.2","151.1","219.7","201.8","208.4","225.9","152.6","131.9","165.4","176.6","161","182.6","178.1",
"선박 및 보트 건조업","가동률지수(계절조정)","","84.936","89.602","86.428","87.349","85.24","80.316","82.86","90.22","73.03","79.598","79.357","76.343","75.585","82.54","75.832","71.506","78.542","73.135","77.655","76.786","72.969","66.988","75.065","67.124","58.01","54.719","62.118","60.335","65.633","64.269","57.832","49.809","54.856","53.23","55.166","53.35","54.736","55.306","51.478","55.492","55.401","55.837","57.305","60.177","58.912","62.082","62.096","69.753","73.645","69.345","76.706","78.445","77.291","77.737","85.37","85.211","91.476","88.055","88.862","96.371","100.2","99.2","97.7","98.6","94.4","102.6","100.5","99.7","98","99.7","101.7","106.7","101.1","96.1","96","92.6","93.4","93.7","101.5","92.1","102.9","107.1","104.6","103.4","110.5","110.7","120.7","117.4","123.1","124.7","120.3","120.9","119.5","128.2","133.3","128.9","124.2","128.1","121.3","124","124","118.3","117.7","121.8","112","112.2","113.1","106.7","114","118.6","116.3","121.1","126","120.4","136.5","145.8","137.3","129.1","137.8","143.8","144.1","135.7","156.4","158.7","157.4","168","172.3","173.6","207.9","217.4","199.3","212.6","137.1","151.6","163.4","172.8","161.8","184.3","177.8",
"철도장비 제조업","생산능력지수","","85.208","84.411","87.157","88.663","87.865","86.625","89.105","87.245","89.548","91.231","91.054","94.951","87.334","87.688","88.043","90.7","87.245","91.054","90.965","88.131","87.865","87.245","87.688","87.954","85.297","85.74","84.854","89.017","86.714","87.068","87.6","87.157","85.297","86.448","83.791","88.485","88.485","89.725","89.725","89.725","89.725","89.637","90.7","90.611","90.611","90.7","90.7","90.788","91.231","91.231","91.32","91.32","91.231","91.231","91.143","91.143","91.143","91.143","91.231","91.143","92.5","92.4","92.5","102.5","102.4","102.4","102.5","102.5","102.5","102.6","102.6","102.6","102.6","102.6","102.5","102.5","106","105.8","105.7","105.8","105.7","105.7","105.7","105.6","105.4","105.4","105.4","105.3","105.3","105.1","104.8","104.8","104.7","104.5","104.6","104.5","101.5","119.9","119.9","121.1","121.1","121","120.8","120.7","120.6","120.1","122","121.9","121.4","121.3","121.3","121.3","121.6","121.5","121.4","121.4","121.2","121.2","121.1","120.2","121.9","121.9","121.8","121.9","121.8","121.8","121.4","121","121","120.9","120.9","120.8","120.7","120.6","120.5","120.4","120.1","120","119.7",
"철도장비 제조업","가동률지수(원지수)","","112.151","108.659","121.648","127.235","136.173","167.039","169.972","124.302","145.531","159.078","145.251","158.939","96.927","108.52","116.62","116.061","117.458","144.832","140.363","105.866","116.201","89.804","101.536","93.575","70.531","62.989","82.821","91.341","82.821","71.508","67.179","83.52","69.693","82.542","105.447","68.296","52.933","64.525","84.078","123.603","138.128","160.335","131.285","112.151","107.402","124.86","147.067","155.028","104.05","94.832","116.341","136.173","129.19","146.927","163.827","147.765","106.844","125.279","97.765","126.397","77.1","107.9","99.3","95","100.4","98.6","117.3","80.6","102.5","90.5","103.3","127.6","90.2","126.1","130.3","137.2","131","155.7","161.4","130.4","150.2","189.6","181.5","208","126.7","125.4","145.4","153.5","155.3","157.7","162.1","134.4","126.3","136.9","139.9","146.1","93.6","91.4","106.9","94.4","114.5","112.5","128.5","86.2","123.7","97.2","103.8","81.5","83.5","81.6","79.6","63.4","57.8","73.5","53.9","69.5","49.2","69.4","62.3","71.6","44.4","77.4","69.8","75.1","68.2","71.9","79.9","75.3","77.4","81.2","59.6","78.9","65.1","58.2","67.2","65.4","63","47.1","59.1",
"철도장비 제조업","가동률지수(계절조정)","","119.98","134.027","125.211","129.474","137.84","138.849","147.802","145.452","152.897","154.775","138.524","141.368","109.484","129.744","121.481","122.883","119.648","121.341","124.505","116.533","130.732","82.201","92.644","78.358","90.212","67.53","86.666","96.791","84.869","60.5","58.909","92.379","58.176","110.288","95.834","60.072","58.936","79.882","88.085","130.732","142.537","142.34","114.449","123.355","124.209","117.194","133.978","134.045","118.635","114.829","125.886","139.104","125.003","132.533","137.914","160.733","126.984","114.58","89.55","107.679","101.9","108.4","103.7","104.1","101.6","87.5","98.9","92.1","95.8","101.1","98.7","103.8","105.2","153.1","136.6","140.5","138.8","135.8","136.3","140.5","174.8","181.2","169.2","168","156.5","142.5","158.5","157.5","155.9","149.4","142.3","135.7","147.8","124.9","131.6","113.4","122.7","94.1","113","100.4","124.9","103.7","113.3","84.7","130.7","101.5","98.5","67.4","92.5","95.7","87.3","67.6","61.6","70.4","46","66.8","60","62.7","59.5","59.1","58.8","81.2","79.3","77.3","73.3","71.3","68.2","74","65.4","98.9","59.4","62.9","71.9","70.6","74","67.3","70.5","45.2","52.3",
"항공기, 우주선 및 부품 제조업","생산능력지수","","98.618","98.519","98.618","98.618","98.717","98.618","98.717","98.717","98.717","98.815","99.013","99.013","98.618","98.717","98.815","98.815","98.815","98.914","98.618","98.717","99.112","99.112","99.112","98.914","99.112","99.309","99.605","99.506","99.408","99.408","99.21","100.987","100.987","101.283","101.382","100.888","91.51","91.51","91.807","91.708","93.583","93.386","94.077","94.373","94.373","94.373","94.472","94.669","100.099","100","100.197","100.296","100.296","100.592","100.099","100.099","100.099","100.79","100.395","100.395","99.9","99.9","100.3","100.1","99.8","99.7","99.8","100.4","100.1","100.2","99.9","99.9","99.5","99.7","99.5","99.4","99.6","99.2","99.1","98.9","98.9","98.8","99.7","99.4","99.4","99.4","99.3","99.2","99.1","98.8","98.1","98.1","98","97.4","99.3","100.9","101","101","101.6","101.8","101.8","101.7","101.3","101.2","100.9","100.1","100","99.7","115.5","115.4","115.3","115.3","115.2","115.1","114.9","114.8","110.4","110.4","110.3","110.2","110.2","108.5","108.4","108.5","108.5","108.4","107.7","107.7","107.6","107.5","107.5","107.3","112.1","114.9","112","111.7","111.2","110.9","110.2",
"항공기, 우주선 및 부품 제조업","가동률지수(원지수)","","180.255","153.662","211.306","156.051","135.032","151.433","171.497","129.618","145.382","147.452","138.854","190.287","153.662","142.516","171.178","167.197","169.904","173.885","157.325","145.382","137.739","152.707","161.783","194.427","149.682","144.745","167.516","166.083","144.108","165.287","150.796","144.586","175.478","168.949","175.955","190.764","134.236","121.178","147.611","130.414","143.471","156.529","145.064","136.943","154.777","147.771","152.707","171.178","155.892","138.376","161.624","162.42","168.153","156.847","171.178","159.554","171.338","182.643","157.484","161.624","147.4","142.6","138.5","117.5","94.4","57.4","82.6","67","81.8","78.3","77.6","114.7","72.2","64.6","84.4","82.8","85.1","94.8","86.9","81.2","95.2","82","87.6","133.9","87.8","82.5","104.5","96.4","97.9","113","104.9","110.3","123.9","117.3","116.4","113.6","85.2","104","120","111.1","114","132.9","125.9","123.3","132","137.3","141.1","179.5","104.5","105.4","129.3","138.1","119.6","133.1","124.1","116.7","107.8","132.6","125.4","151.3","119.6","104.9","134.2","133.6","130.6","136.3","148.3","129","176.4","146","144.4","196.5","135.9","109.6","149.5","151.5","140.2","163.8","145.4",
"항공기, 우주선 및 부품 제조업","가동률지수(계절조정)","","184.636","181.27","205.19","152.817","136.347","142.679","171.149","151.233","147.141","145.973","137.662","156.006","162.441","163.236","166.224","169.024","171.949","163.739","161.546","159.729","138.71","150.79","156.266","154.686","161.654","163.079","162.588","169.012","146.305","155.451","154.607","158.396","165.056","186.402","170.519","160.539","139.902","142.688","143.381","133.832","146.223","151.37","148.579","149.13","157.442","143.518","148.861","143.782","164.346","163.557","161.325","163.786","162.526","151.146","170.381","172.16","172.081","175.679","154.58","135.768","164.6","157.4","133.9","126.6","94.5","53.6","82.2","75.8","75.6","78","78.9","93.8","80.1","77.6","81.3","84.7","88.1","85.7","86.4","88.2","91.4","82.1","86.8","109.9","98.9","99.2","103.3","98.8","96.2","108.3","106.9","115.4","118.7","113.5","115","91","97","121.7","114.9","117.1","119.2","123.9","127.9","128.3","126.5","136.1","139.1","153","114","125.9","127.4","144.9","122.3","128.1","121.6","121","106.2","127.8","123.3","129.4","140.4","123.6","136.3","135.8","133.9","135.4","144.5","137.7","159.2","145","145.7","163.4","148.3","135.2","148.1","153.6","148","158.5","145.3",
"가구 제조업","생산능력지수","","90.442","89.991","90.442","90.081","89.901","90.261","89.54","89.45","89.991","91.163","90.712","89.991","93.778","90.712","94.59","92.426","93.237","91.975","94.139","90.622","93.057","93.417","93.598","93.147","88.007","85.122","85.392","84.4","85.032","85.032","85.753","84.31","85.122","87.106","87.196","87.556","85.302","84.31","85.032","85.302","85.302","85.302","85.482","86.204","86.384","86.835","87.556","87.737","88.909","87.647","87.647","87.647","96.754","96.123","96.844","97.024","96.664","96.844","96.123","94.77","101.2","100.3","100.9","100.6","100.6","100.7","99.6","100.2","100.6","99.3","99.1","96.9","98.1","97.9","97.9","95.3","94.8","94.3","88.9","88","87.4","87.8","87.6","85.9","86.6","84.6","88.4","84.9","85","82.8","85","82.1","83.2","81.4","81.6","81.1","82.4","82.4","82.6","82.2","82.1","82.2","81.8","81.9","81.5","81.8","82","81.7","80.8","80.6","80.1","79.9","79.9","80","79.6","79.6","79.4","79.2","79.2","79.2","78.3","78.1","78.1","78.3","78.2","77","76.5","76.5","76.5","76.8","76.8","76.8","75.7","74.9","73.5","73.1","73","72.8","72.3",
"가구 제조업","가동률지수(원지수)","","91.871","90.304","101.469","96.18","89.716","95.886","92.556","96.768","94.711","105.975","108.129","111.655","94.711","96.474","106.758","95.69","91.185","98.531","93.438","96.082","95.886","101.763","105.681","110.97","109.794","125.073","134.77","117.336","117.826","120.96","112.145","122.919","130.362","106.366","130.558","128.306","118.119","113.81","132.223","124.976","116.846","116.748","113.712","112.439","102.253","123.604","121.939","130.558","111.949","100.588","115.377","108.423","101.665","95.299","99.51","97.16","92.85","107.444","112.439","123.408","98.2","103.2","104.8","93.1","95.4","101.8","90.1","86.3","101.6","102.8","102.7","120.1","112.5","105","117.9","110.6","101.3","98.8","98.7","98","96.5","101.2","106.8","116","102","110.2","115.1","99.2","98.8","103.5","91.2","95.7","89","91.9","94.9","102.7","89.9","97.7","96.8","85.4","86.7","89.7","82.1","85.3","81.3","83","93.5","104.5","91.2","89.4","88.9","92","85.1","79.9","88.2","77.4","74","76.2","81.6","91","76.4","88","88","79.4","69.5","68.5","68.1","66.2","70.3","61","72.6","88.2","71.4","70.7","85","77.4","70.6","74","67.7",
"가구 제조업","가동률지수(계절조정)","","94.35","95.882","94.12","95.181","94.182","95.582","96.916","105.554","100.379","101.523","101.007","100.403","98.801","100.347","98.989","96.153","96.012","98.209","99.743","100.767","102.281","98.161","97.731","97.21","119.973","123.405","124.625","117.716","124.166","120.143","119.763","128.953","123.925","121.177","121.983","115.332","119.4","120.05","121.907","125.218","123.057","117.388","121.656","118.296","112.964","121.072","115.152","116.68","111.87","105.435","107.905","106.731","103.418","95.244","105.043","102.482","103.431","106.193","107.393","109.852","103.9","98.1","95.9","94.9","98.7","99.6","95.6","94.5","104.3","110.3","100.8","104.7","112","107.3","107.2","109","106.7","95.1","105.5","105.6","106.6","106","103.9","101","103.4","108.3","105.7","97.5","100.6","103.8","99.7","101.3","98.6","95.8","92.8","87.6","93.1","90.7","86.5","85.1","91.6","89.5","90.1","90.5","89.8","89.4","91.8","92","87.8","86.7","80.1","91.2","88.7","82.1","95","82.2","84.1","80.5","80.2","79.6","80.1","80.8","80.2","77.1","72.5","72.2","73.4","71.8","69.6","71.9","72.7","75.5","68.7","69.5","75.8","74.9","75.2","77.1","74.2",
"가구 제조업","생산능력지수","","90.442","89.991","90.442","90.081","89.901","90.261","89.54","89.45","89.991","91.163","90.712","89.991","93.778","90.712","94.59","92.426","93.237","91.975","94.139","90.622","93.057","93.417","93.598","93.147","88.007","85.122","85.392","84.4","85.032","85.032","85.753","84.31","85.122","87.106","87.196","87.556","85.302","84.31","85.032","85.302","85.302","85.302","85.482","86.204","86.384","86.835","87.556","87.737","88.909","87.647","87.647","87.647","96.754","96.123","96.844","97.024","96.664","96.844","96.123","94.77","101.2","100.3","100.9","100.6","100.6","100.7","99.6","100.2","100.6","99.3","99.1","96.9","98.1","97.9","97.9","95.3","94.8","94.3","88.9","88","87.4","87.8","87.6","85.9","86.6","84.6","88.4","84.9","85","82.8","85","82.1","83.2","81.4","81.6","81.1","82.4","82.4","82.6","82.2","82.1","82.2","81.8","81.9","81.5","81.8","82","81.7","80.8","80.6","80.1","79.9","79.9","80","79.6","79.6","79.4","79.2","79.2","79.2","78.3","78.1","78.1","78.3","78.2","77","76.5","76.5","76.5","76.8","76.8","76.8","75.7","74.9","73.5","73.1","73","72.8","72.3",
"가구 제조업","가동률지수(원지수)","","91.871","90.304","101.469","96.18","89.716","95.886","92.556","96.768","94.711","105.975","108.129","111.655","94.711","96.474","106.758","95.69","91.185","98.531","93.438","96.082","95.886","101.763","105.681","110.97","109.794","125.073","134.77","117.336","117.826","120.96","112.145","122.919","130.362","106.366","130.558","128.306","118.119","113.81","132.223","124.976","116.846","116.748","113.712","112.439","102.253","123.604","121.939","130.558","111.949","100.588","115.377","108.423","101.665","95.299","99.51","97.16","92.85","107.444","112.439","123.408","98.2","103.2","104.8","93.1","95.4","101.8","90.1","86.3","101.6","102.8","102.7","120.1","112.5","105","117.9","110.6","101.3","98.8","98.7","98","96.5","101.2","106.8","116","102","110.2","115.1","99.2","98.8","103.5","91.2","95.7","89","91.9","94.9","102.7","89.9","97.7","96.8","85.4","86.7","89.7","82.1","85.3","81.3","83","93.5","104.5","91.2","89.4","88.9","92","85.1","79.9","88.2","77.4","74","76.2","81.6","91","76.4","88","88","79.4","69.5","68.5","68.1","66.2","70.3","61","72.6","88.2","71.4","70.7","85","77.4","70.6","74","67.7",
"가구 제조업","가동률지수(계절조정)","","94.35","95.882","94.12","95.181","94.182","95.582","96.916","105.554","100.379","101.523","101.007","100.403","98.801","100.347","98.989","96.153","96.012","98.209","99.743","100.767","102.281","98.161","97.731","97.21","119.973","123.405","124.625","117.716","124.166","120.143","119.763","128.953","123.925","121.177","121.983","115.332","119.4","120.05","121.907","125.218","123.057","117.388","121.656","118.296","112.964","121.072","115.152","116.68","111.87","105.435","107.905","106.731","103.418","95.244","105.043","102.482","103.431","106.193","107.393","109.852","103.9","98.1","95.9","94.9","98.7","99.6","95.6","94.5","104.3","110.3","100.8","104.7","112","107.3","107.2","109","106.7","95.1","105.5","105.6","106.6","106","103.9","101","103.4","108.3","105.7","97.5","100.6","103.8","99.7","101.3","98.6","95.8","92.8","87.6","93.1","90.7","86.5","85.1","91.6","89.5","90.1","90.5","89.8","89.4","91.8","92","87.8","86.7","80.1","91.2","88.7","82.1","95","82.2","84.1","80.5","80.2","79.6","80.1","80.8","80.2","77.1","72.5","72.2","73.4","71.8","69.6","71.9","72.7","75.5","68.7","69.5","75.8","74.9","75.2","77.1","74.2",
"기타 제품 제조업","생산능력지수","","79.842","80.719","89.483","83.26","88.344","89.833","91.236","87.292","90.272","88.256","94.216","88.957","86.065","84.224","95.881","86.152","92.463","95.443","95.618","89.308","90.447","88.344","94.128","93.252","89.132","86.152","86.415","89.921","95.355","100.175","99.825","93.602","95.968","89.746","92.55","94.391","88.957","89.308","90.272","92.2","92.287","92.025","91.148","90.535","91.06","92.2","89.045","89.833","91.849","91.937","90.096","92.287","92.726","92.813","93.514","93.514","93.164","92.989","92.989","93.252","99.6","99.5","99.7","99.6","100","100.5","100.1","99.9","100.2","100.3","100.3","100.5","101.3","101.8","101.2","101.5","101.5","101.6","101.5","101.5","102.8","101.5","102","103","105","104.4","104.1","103.3","102.7","100.9","94.9","93.9","94","93","93.7","92.2","91.3","91.9","81.5","83.5","83.2","83.3","83","82.8","83.1","82.9","82.9","82.9","82.6","82.3","82.2","81.3","81.3","81.1","80.8","80.8","80.8","80.6","80.1","80.3","80.5","80.5","80.5","80","80","80","80.8","80.7","81.5","81.3","80.3","80.3","79.9","79.8","80.1","79.1","78.9","78.6","77.5",
"기타 제품 제조업","가동률지수(원지수)","","114.437","109.624","128.756","140.845","121.127","121.127","111.737","99.413","104.93","127.7","112.324","116.432","106.221","115.845","120.54","134.038","129.577","118.075","107.277","104.108","109.155","122.887","125.939","114.906","105.047","111.62","131.573","130.751","123.709","115.61","108.333","111.62","113.85","100.587","123.239","111.268","111.854","92.371","112.207","125","127.582","124.413","110.094","103.638","95.07","109.859","120.423","118.31","104.695","88.498","122.418","134.272","127.934","116.901","117.958","103.052","102.465","112.676","112.089","114.789","88.9","103.3","115.6","99.6","93.5","110.4","100.7","87.3","104.2","96.4","103.9","96.2","84.6","81.1","106.7","106.6","107.2","111.3","104.5","90.6","91.7","103.4","111.8","109.1","101.7","86.2","102.8","106.5","118.4","112.1","108.3","105","108.1","113.7","126","115.2","102.7","115.5","135","139","162.1","127.8","122.1","119.6","119.6","128.3","127.3","120.5","118","104.8","125.8","133.5","140.2","141.9","132.6","127.7","117","135.3","133.9","132.7","112.7","114.6","133.6","137.6","136.4","121.4","121.3","106.6","122.6","105.1","112.5","119.7","106.8","99.9","119","134.6","119.2","125.5","112.6",
"기타 제품 제조업","가동률지수(계절조정)","","123.806","120.579","116.884","126.024","116.362","115.42","112.063","111.861","112.904","122.668","106.49","118.117","116.087","128.787","110.462","120.891","122.541","111.706","109.905","115.026","117.06","118.395","117.739","114.094","117.791","118.126","121.641","120.804","116.611","108.755","110.822","122.888","116.008","103.7","114.516","116.012","120.894","103.848","105.656","113.115","118.631","118.884","111.091","113.416","105.066","104.59","111.413","121.439","115.539","99.613","117.055","120.937","118.126","112.736","117.669","113.237","112.265","107.113","104.598","115.983","97.8","116.2","108.8","91.9","88","102.7","100.1","97.9","109","95.2","97.8","94.7","93.6","93.3","100.9","98.3","101.9","102.6","104.9","97.9","99.3","100.4","103.3","105.7","115.4","97.9","98.6","99.3","110.6","105","109.4","111.5","111.3","117.7","116.9","112.1","113.8","132.9","128.8","130.8","151.9","119.6","122.6","126.9","129","126.4","118.3","118.9","127.8","122.5","122.4","124.3","128.2","133.8","130.7","135","129.1","130.3","125.1","131.2","128.2","126.9","129.6","130.4","126.2","114.7","119.6","115.9","122.3","107.2","107.5","116.9","115.4","117.4","114.5","125.6","112.1","116.8","111.9",
"귀금속 및 장신용품 제조업","생산능력지수","","101.218","101.726","101.624","101.624","101.523","101.523","101.523","101.523","101.624","101.624","101.32","101.32","101.929","102.741","102.741","102.132","102.03","102.03","102.03","102.03","102.03","102.132","102.132","102.132","102.03","102.132","102.132","102.03","101.929","101.929","102.132","102.132","102.132","101.929","101.929","101.929","101.32","101.624","101.624","101.421","101.421","101.421","101.117","101.117","101.117","100.914","100.914","100.914","100.711","100.711","100.711","100.711","100","100","99.898","99.898","99.898","99.797","99.797","99.797","99.9","99.9","99.9","99.9","100","100.2","100","99.9","100","100.1","100.1","100.1","100.3","100.5","100.5","100.6","100.4","100.4","100.1","100","100.1","99.1","98.6","98.6","98.4","98","97.6","97","96.7","95.4","92.4","92","92","91.4","91.4","89.9","89.7","89.7","84.8","86.9","86.9","87","86.5","86.4","86.6","86.6","86.6","86.6","86.4","86.4","86.3","85.9","85.9","85.7","85.4","85.4","85.4","85.2","85.2","85.3","84.8","84.8","84.7","83.9","83.9","84","84.3","84.2","84.2","84.1","84.1","84.1","83.7","83.7","84.5","84.2","83.1","82.8","82",
"귀금속 및 장신용품 제조업","가동률지수(원지수)","","178.161","162.233","197.537","173.235","157.635","177.997","162.726","127.422","152.053","169.13","143.021","169.458","151.56","129.885","154.023","155.665","163.218","151.888","154.187","140.066","158.785","162.562","168.144","179.639","123.153","110.673","130.213","135.632","142.365","130.87","133.826","201.478","136.125","153.695","161.741","175.369","149.425","133.99","167.488","150.246","143.514","152.217","129.064","139.245","129.064","139.573","130.706","150.903","137.603","120.854","162.233","156.322","101.642","93.596","94.417","103.284","99.507","127.094","127.422","122.167","111.8","101","93.9","86","77.3","95.7","76.1","110.4","108.1","113","119","107.8","109","111.8","147.8","142.5","147.8","152.3","170.9","105.5","146","110.4","129.8","128.3","131.1","87.9","114.9","135.2","134.7","176.2","164.1","151.5","158.8","159.2","160.1","169.1","130.4","127.1","124.2","145.4","109.4","130.3","156.2","120.5","133.2","143","161.4","165.9","161.8","126.3","152.6","125.3","146.2","132.6","114.4","124","94.9","117.1","117.6","156.2","136.3","130.7","154.2","124.7","135.1","139","136.8","131.5","156.4","166.6","146.7","171.4","159.9","146.1","175.9","195.9","181.9","186.4","182.6",
"귀금속 및 장신용품 제조업","가동률지수(계절조정)","","182.993","180.712","185.73","176.869","159.044","175.839","172.221","135.97","153.195","159.294","137.462","155.486","154.044","145.482","144.736","159.011","165.685","149.707","162.081","149.653","160.991","153.099","161.531","165.404","120.083","130.997","122.235","137.187","144.766","128.687","140.486","215.706","138.43","144.924","155.335","158.811","151.612","151.065","156.338","153.82","147.191","148.32","136.064","149.253","129.219","133.724","125.613","137.277","134.076","140.575","151.376","160.319","104.011","90.464","99.392","110.312","99.961","122.278","121.717","111.736","112.2","113.7","88.2","88.3","78.8","93.2","80.1","117.3","108.4","109.4","113.6","98.5","108.2","126.9","138.9","145.7","150.7","148.3","178.7","113.1","146.1","107.5","124.4","117.8","123.6","104.6","108.2","138.4","137.5","171.5","171.4","162.2","162.8","150.5","153.4","153.6","129","143.9","117","149.2","111.8","126","162.8","128.8","132.1","140.9","154.4","150.8","159.4","143","143","129.6","151","128.1","119.8","132.5","93.9","115.7","112.6","142.3","127","156.7","145.3","128","138.9","134.9","143.1","139","157.6","162.6","139.7","157.2","155.4","165.5","165.9","203.7","186","181.7","190.8",
"운동 및 경기용구 제조업","생산능력지수","","75.491","81.383","79.59","82.237","75.833","87.532","91.631","88.813","93.937","90.777","88.557","88.898","85.226","85.739","83.262","83.348","83.433","82.75","88.557","84.116","83.775","85.312","85.397","85.141","87.532","87.874","87.959","86.763","101.964","105.978","97.182","94.535","103.843","91.289","89.496","97.267","76.772","74.979","80.444","91.973","91.802","90.009","86.166","83.604","86.336","91.887","76.345","83.518","85.482","83.348","74.979","86.08","98.121","98.036","97.609","97.95","98.634","98.804","98.804","99.061","99.6","99.4","100.6","100","100.2","99.9","100.2","99.8","100.4","100","99.8","100.1","101.5","100.3","99.6","99.2","99.2","99.7","100","100","100","95.8","96.9","101.6","98.4","99.6","99.6","101.9","100.1","99.8","99.1","98.7","98.7","98.7","101","101.6","101.5","104.3","103.5","104.3","102.5","101","102.6","102.6","102.6","102.6","102.6","102.6","102.3","100.6","100.6","100.6","100.6","100.6","100.6","100.6","100.6","100.6","100.6","100.6","100.6","100.6","100.6","100.6","100.6","100.6","100.6","100.6","100.6","100.6","100.6","100.6","100.6","100.6","100.6","100.6","100.6","99.5","99.5",
"운동 및 경기용구 제조업","가동률지수(원지수)","","88.305","85.332","100.198","98.117","101.586","98.216","94.252","90.981","85.431","118.731","115.857","112.289","76.611","77.998","91.774","88.801","97.919","91.477","80.476","100.496","89.594","110.307","112.884","116.848","81.467","96.234","105.055","89.395","100.099","102.577","96.928","95.837","96.036","77.403","103.568","106.739","116.254","91.378","86.422","121.209","105.154","129.435","98.612","99.901","87.413","103.171","128.444","167.096","86.72","82.953","117.245","129.237","91.576","114.073","114.272","113.38","92.666","96.333","87.116","155.6","68.3","82.1","99.6","95.4","104.6","130.7","101.1","94","98.4","85","110.9","129.8","78.7","87.6","100","93.1","119.4","126.9","110.1","101.9","94.4","103.7","118.4","154.5","112.1","97.9","112.7","104.7","139.8","129.7","120.2","129.6","113.2","122.6","136.7","156.5","102","106.9","121.2","135.2","121.7","142.2","128.2","135.8","145.3","122.6","129","178","112.9","98.6","128.9","120.3","135.4","171.4","143.7","136.3","117","138.5","128.1","172.8","89.5","94.4","124.3","112.7","145.5","134.7","101.1","110.5","124.6","70.7","95.5","139.3","63.6","80","89.7","111.4","83.1","94.1","86.4",
"운동 및 경기용구 제조업","가동률지수(계절조정)","","100.385","93.866","94.714","93.404","101.204","88.997","98.341","102.534","89.36","118.165","108.364","98.623","89.894","85.39","87.151","87.36","97.342","82.078","85.718","105.787","97.085","106.843","103.031","98.731","100.096","103.206","100.34","88.409","99.22","91.112","102.346","99.62","90.302","92.201","94.868","94.318","135.408","106.02","82.984","120.449","103.929","117.228","103.133","102.604","96.858","102.396","118.036","146.111","100.86","98.604","116.363","125.719","85.504","102.602","115.042","115.321","104.442","94.559","80.354","134.665","85.3","90.1","96.6","98.8","100.5","113.6","101","100.2","97.2","92.9","105.6","108.1","96","106","97.5","91.8","117.9","106.5","109.4","105","103.6","108","110.1","127.2","138.5","118.5","113.5","104","130.7","114.5","122.3","129.2","124.1","124.5","127.9","124.2","127.6","125.7","119","138.6","120.3","121.4","130.2","134.9","153","133.3","121.2","148.5","133.8","119.8","130.4","123.8","130.2","149.7","141.8","135.1","131.7","141","120.7","143.5","116.3","111.3","129.5","113.1","140","120.6","99.7","112.5","116.5","81.9","92.7","112","75.4","100.9","90.9","112.1","82.2","81.8","87.7",
"인형, 장난감 및 오락용품 제조업","생산능력지수","","122.426","119.975","118.995","120.956","120.221","116.789","124.755","126.225","127.941","125.49","123.652","123.039","126.716","124.877","123.897","119.73","118.382","118.75","120.956","118.627","118.995","117.77","115.931","116.176","116.422","112.132","114.706","114.706","116.789","118.873","122.917","116.789","118.75","115.809","106.127","107.721","106.25","106.863","107.353","107.108","107.598","107.108","108.578","107.475","107.353","107.966","107.353","104.412","108.333","106.985","106.985","106.985","106.985","106.985","106.985","106.985","100","100","100","100","100","100","100","100","100","100","100","100","100","100","100","100","100","100","94.4","94.4","94.4","94.4","92.7","92.3","92.3","92.3","92.3","92.3","92.3","90.8","88.4","88.4","88.4","88.4","88.4","88.4","88.4","87.5","87.5","87.5","87.5","87.5","60.7","66.4","66.4","66.4","66.4","66.4","66.4","66.4","66.4","66.4","66.4","66.4","66.4","66.4","66.4","66.4","66.4","66.4","66.4","66.4","62.1","62.1","62.1","62.1","62.1","58","58","58","58","58","58","58","58","58","58","58","58","58","58","58","58",
"인형, 장난감 및 오락용품 제조업","가동률지수(원지수)","","103.008","102.005","139.474","141.604","142.481","145.865","117.419","109.524","153.008","125.439","96.617","127.318","102.256","107.018","127.569","150.501","160.401","149.875","106.516","115.038","147.494","118.17","114.912","119.173","91.353","111.654","138.095","128.321","155.388","137.093","104.887","128.07","144.987","104.637","132.331","138.972","117.92","98.622","124.06","142.607","133.96","120.677","95.865","101.003","125.188","141.98","144.612","136.466","99.749","103.759","119.424","118.296","120.677","114.912","139.474","108.897","98.246","105.388","122.932","143.484","90.9","94.5","94.9","97.1","83.4","85.2","99.8","85.9","129.2","109.3","107.5","122.5","88.4","62.6","140.2","119.1","90.7","90.9","88.2","88.2","83.3","86.4","111.2","120.1","91.5","89.7","145.3","118.4","111.5","112.1","93.8","99","100.7","101.2","107.3","103.8","90.8","80.5","116.6","141.5","113.5","104.3","87.2","90.4","92.9","128.4","99.1","107.8","101.7","102.7","121.8","138.2","147.6","130.9","129.9","132.9","114.1","116.4","140.1","157.1","175.1","132.3","147.5","140","140.9","137.1","145.6","142.2","149.4","157.3","146.4","178","143","153.5","154.4","178.4","162.4","121.2","121.2",
"인형, 장난감 및 오락용품 제조업","가동률지수(계절조정)","","119.418","125.464","132.739","122.82","127.244","133.403","134.024","127.768","145.98","125.275","95.798","113.73","121.428","127.777","121.199","134.619","144.558","137.925","124.504","126.45","141.412","117.589","109.966","102.303","114.208","125.666","131.3","114.911","142.931","127.912","121.463","140.228","129.257","119.01","125.258","124.185","133.914","121.69","117.29","128.215","126.9","118.206","109.486","109.596","125.971","139.883","134.914","120.064","112.113","129.127","115.118","103.582","111.289","114.599","152.721","116.877","100.203","103.262","113.504","125.025","110.6","105.8","87.3","90.5","81","83.6","107.9","96.7","123","112.5","101.8","104.1","100.8","79.2","127.3","104.6","91.2","87.1","94.6","95.5","85","88.9","102.9","103.1","107.2","110.5","134.2","104","104.8","113.9","102.9","103.4","104.5","100.8","100.4","88","109.4","93","104","128.2","111.1","102.5","95.3","94","97.9","130.7","94.2","97.8","112.5","124.7","111.4","125.5","138","131.8","137","138.2","125.4","114.2","135.3","143.6","218","150.2","139.3","123.7","130.1","142","152.9","152.4","148.3","161.6","147.3","158.1","158.6","189.2","142","157.7","153.4","122.1","130.5",
"그 외 기타 제품 제조업","생산능력지수","","72.772","72.937","87.459","76.65","86.469","86.304","86.221","80.528","83.581","81.601","91.997","83.663","79.373","76.485","95.792","80.941","91.254","96.205","94.554","86.056","87.871","84.241","93.647","92.409","84.736","80.198","80.033","86.634","90.594","97.277","99.01","90.017","90.594","84.653","91.667","91.997","89.274","90.264","90.017","89.769","89.934","90.017","89.686","89.604","89.604","89.686","89.521","89.026","91.007","91.667","91.007","91.584","89.521","89.604","90.759","90.677","90.594","90.264","90.347","90.677","99.5","99.4","99.4","99.4","99.9","100.7","100","99.9","100.2","100.4","100.5","100.7","101.5","102.5","102.5","103.2","103.1","103.1","103.1","103.2","105.1","104.4","104.9","105","109.3","108.2","108.2","106.1","105.9","103.3","94.4","93","93.1","91.8","92.1","89.7","88.6","88.6","77.1","79","79","79.7","78.8","78.5","78.9","78.6","78.6","78.6","78.5","78.5","78.3","77.1","77","76.8","76.3","76.3","76.3","76","76","76.4","76.5","76.5","76.5","76.3","76.3","76.2","77.3","77.3","78.3","78.1","76.6","76.6","76.1","76.1","76.3","75","74.9","74.7","73.2",
"그 외 기타 제품 제조업","가동률지수(원지수)","","119.212","114.678","131.265","155.251","123.508","121.36","112.888","99.761","102.148","128.52","111.337","111.933","113.604","131.862","128.52","148.926","135.919","122.076","113.246","101.551","107.279","125.418","129.236","107.279","116.229","121.718","146.181","151.193","130.191","119.212","112.053","102.625","116.945","102.745","126.85","101.193","105.967","88.067","116.468","122.792","136.038","120.883","115.99","102.625","91.408","106.086","113.962","92.363","108.234","85.919","121.122","136.038","142.482","120.286","119.093","99.403","106.444","117.542","117.542","98.687","94","111.5","124.8","102.2","92.1","107.7","102.2","83.9","102.8","97.5","100.2","81.1","84.5","79.3","102.3","107.3","102.7","106.2","100.6","86.3","88.5","105","108.7","91.6","97.7","82.5","94.1","104.3","111.5","101.3","102","93.9","103.8","109.2","122.8","98.2","102.6","121.7","142.3","139.5","184.4","125.1","121.9","117.1","112.8","129.2","127.9","99.3","118.8","105.4","122.8","137.1","139.6","132.8","129.4","123.3","118","137","135.2","113","111.3","116.9","132.3","145.4","132.4","113.4","123","99.1","115.4","104.3","110.6","102.6","112.8","97.4","119.8","132.1","121.3","129.3","113.3",
"그 외 기타 제품 제조업","가동률지수(계절조정)","","126.454","124.407","116.732","135.721","118.022","117.992","109.837","112.15","113.215","121.674","105.389","122.642","120.801","146.059","115.763","129.882","126.732","117.708","112.703","114.382","116.807","120.418","121.248","115.916","126.11","126.476","133.169","136.601","120.579","114.171","111.692","115.513","124.638","100.575","117.931","115.691","111.714","96.914","109.007","107.213","123.042","117.164","113.738","115.057","102.824","99.24","105.32","103.741","118.31","93.713","114.487","119.146","130.364","118.309","116.804","112.688","117.292","110.159","110.106","108.778","99.5","126.4","116.8","90","85.4","102","100.2","96.1","111.3","93","93.7","89","91.1","88.8","96.5","96.9","94.9","100.4","100.1","94.9","96.9","99","99.9","98.2","108.7","89.6","89.3","94.7","102.9","95.7","101.3","102.9","104.2","115.8","113.1","108.3","108.6","139.4","135.6","127.3","169.8","120.5","120.9","127.7","123.9","122.6","118","109.1","125.3","121.3","119.4","123.3","124","128.2","125.9","133.9","130.1","129","125.3","123.9","123.4","125.9","126.5","135.8","119.7","107.8","119.8","110.8","117.7","104.1","104.7","110.2","120.9","112.2","114.6","119.4","111.5","121.1","110.5",
